Id,First Name,Last Name,Email,Phone,Company,Job Title,Registered Date
1,yowza,beyond,um,adventurously,regulate,scoop,2024-10-29
2,provision,suspiciously,while,circa,informal,unto,2025-06-30
3,midst,terrible,enrich,until,aside,shark,2024-12-27
4,sneaky,ferret,including,drag,if,the,2024-10-09
5,um,remark,ignorance,across,sleepily,fully,2024-09-08
6,next,punctuation,definitive,oh,maintainer,aha,2024-12-30
7,righteously,till,convince,yahoo,other,solidly,2024-10-05
8,for,happy-go-lucky,stoop,um,gracefully,yippee,2025-04-13
9,grubby,excitedly,colorfully,yuck,athwart,atop,2025-07-22
10,mmm,mismatch,alongside,though,once,incidentally,2025-03-15
11,foolishly,radiant,cinema,pendant,questioningly,powerfully,2025-01-04
12,grizzled,rowdy,futon,arrange,account,against,2026-02-01
13,mostly,plus,yippee,secret,taut,so,2024-07-15
14,nippy,often,aha,lest,geez,coin,2025-04-18
15,excellent,blindly,off,consequently,intelligent,ack,2024-09-13
16,brr,intermarry,wheel,lest,frightfully,incidentally,2025-11-02
17,against,blah,evenly,to,finally,blight,2024-03-17
18,elliptical,why,until,lest,fairly,astride,2024-11-24
19,jogging,readily,shark,punctually,tut,woot,2025-02-04
20,deflect,granular,rapidly,terrorise,brr,purse,2025-08-03
21,snowplow,bah,similar,woot,deceivingly,and,2024-12-25
22,fully,concerning,longingly,inasmuch,lasting,psst,2025-12-27
23,digestive,ah,hollow,that,oddball,which,2025-04-21
24,hmph,for,sock,wire,defrag,about,2025-10-08
25,grandpa,mechanically,triumphantly,geez,incidentally,er,2024-04-20
26,ha,carefully,cheerful,apud,yet,concerning,2026-01-13
27,stranger,following,zowie,fooey,hmph,kiddingly,2024-05-14
28,immediately,far-flung,make,since,indeed,polished,2024-10-23
29,tenant,psst,jazz,when,if,since,2024-05-24
30,geez,although,following,midst,apud,entire,2025-01-22
31,helplessly,besides,musty,laughter,meh,needily,2025-09-30
32,showboat,under,absent,coaxingly,formamide,generally,2024-12-25
33,uh-huh,next,fooey,providence,anti,soggy,2024-12-18
34,farm,bah,oh,bracelet,beside,buck,2025-03-07
35,guzzle,brochure,excepting,and,selfishly,banish,2024-09-20
36,anenst,physical,impolite,phew,case,except,2024-10-03
37,gosh,rotating,kiddingly,hateful,costume,ick,2024-08-02
38,uncomfortable,stall,firm,boo,fair,bah,2024-12-06
39,exempt,indeed,politely,um,angrily,joyous,2024-04-09
40,flight,forgather,gurn,the,chapel,since,2026-02-17
41,dull,vacantly,unabashedly,sadly,bidet,internal,2024-07-10
42,pace,culture,beyond,coop,colonialism,separately,2025-08-02
43,ha,simplistic,woot,even,fooey,how,2024-10-01
44,cool,mixture,broken,phew,footrest,pleasure,2024-11-06
45,aha,what,behind,surface,gadzooks,dulcimer,2025-09-06
46,minus,which,impeccable,woefully,yowza,taut,2024-07-12
47,married,think,swanling,mid,roger,aboard,2024-06-09
48,viciously,including,skean,bah,valiantly,ironclad,2025-11-22
49,nor,synthesise,cow,godfather,publicize,why,2024-04-04
50,unethically,carp,tarry,waist,gadzooks,ick,2025-03-31
51,instantly,pointed,probe,right,splurge,obsess,2025-08-29
52,palatable,shameless,tense,via,what,yippee,2025-11-28
53,phew,summary,testimonial,vice,godparent,describe,2025-05-23
54,excitedly,willfully,amongst,volleyball,after,ick,2024-09-25
55,duster,apropos,where,ha,brr,sharply,2024-12-13
56,over,but,glass,eyebrow,impact,which,2025-02-15
57,scarily,merry,annex,filthy,label,barring,2025-04-01
58,sticker,bandwidth,wealthy,corner,except,chromakey,2025-10-20
59,vaguely,outbid,huddle,disbar,colon,begonia,2026-01-28
60,consequently,fax,for,cruelly,meal,unconscious,2024-06-12
61,till,astride,pleasant,provided,daily,comfortable,2024-05-24
62,whoa,urban,yahoo,once,tighten,dowse,2025-11-09
63,brr,nasalise,velocity,toward,fair,yuck,2025-06-14
64,punctuation,who,woot,ha,boo,pants,2025-02-17
65,pfft,relieve,since,lieu,doodle,by,2024-12-08
66,huzzah,er,within,minus,clearly,great,2025-05-13
67,accidentally,till,consequently,neaten,slide,provided,2025-10-13
68,merge,welcome,making,gah,conceptualize,turbulent,2024-03-26
69,guard,through,outlying,excepting,coast,compassionate,2024-12-05
70,winged,lock,who,pillory,filthy,furlough,2025-05-12
71,inasmuch,phooey,ugh,joyously,finally,off,2025-10-24
72,amidst,unnaturally,pendant,um,condense,inspection,2024-09-25
73,banish,supposing,via,up,zowie,very,2024-04-23
74,custom,jumbo,querulous,cod,lid,about,2024-06-09
75,formation,aw,overconfidently,summarise,veto,willfully,2026-01-22
76,assail,internalise,yahoo,psst,executor,circa,2024-12-21
77,yippee,sleepily,tremendously,verbally,pish,bleak,2025-01-31
78,er,boo,opera,approximate,clumsy,hourly,2025-01-25
79,made-up,ugh,confiscate,swiftly,tackle,angle,2024-06-05
80,overburden,sadly,behind,till,hospitalization,zowie,2024-07-24
81,entry,ornery,always,including,yet,fort,2025-11-26
82,stump,fooey,leap,amongst,who,orderly,2025-01-13
83,well-groomed,rim,who,deer,pish,abandoned,2025-07-03
84,failing,follower,deceivingly,kielbasa,exotic,squid,2025-08-06
85,gallivant,damaged,toward,excluding,favorite,wherever,2024-04-27
86,excepting,colonialism,phew,best-seller,an,phew,2025-01-11
87,spherical,unless,wherever,till,gladly,reorient,2025-08-07
88,rationalise,meh,than,obvious,carp,proselytise,2025-02-05
89,absent,vulgarise,rebuff,against,forenenst,firsthand,2025-06-07
90,moralise,swiftly,trivial,deep,stable,oof,2024-12-18
91,meanwhile,sock,sturdy,finally,per,favorite,2025-08-01
92,concrete,contradict,eek,quart,yuck,before,2024-09-26
93,that,majestically,humidity,ugh,but,deployment,2025-08-06
94,consequently,mid,daddy,yahoo,excepting,ack,2024-08-05
95,round,hence,inconsequential,maintainer,yippee,forenenst,2024-08-23
96,at,needy,instead,ick,aw,pish,2025-06-20
97,ferociously,instead,amidst,redact,rightfully,indeed,2025-02-05
98,delirious,break,kissingly,boohoo,puff,hm,2025-02-19
99,splay,huzzah,and,oof,apud,who,2025-11-10
100,unkempt,so,writhing,despite,amid,aw,2025-01-08
101,lest,consequently,absent,extremely,ouch,blah,2025-08-13
102,so,while,yowza,meaty,basket,yummy,2024-12-28
103,tempting,carelessly,geez,before,indeed,unlike,2026-02-13
104,who,chow,into,midst,incidentally,amend,2024-08-25
105,yieldingly,ack,joyous,after,genuine,failing,2025-06-13
106,availability,woot,for,sleepily,fence,brightly,2025-10-20
107,penalise,major,provided,cross-contamination,quirkily,hmph,2025-03-25
108,likewise,grave,descriptive,er,whereas,more,2024-03-26
109,newsstand,wherever,or,disclosure,dense,descendant,2024-09-24
110,preclude,incidentally,gah,yearly,where,abaft,2024-03-29
111,tense,digestive,aboard,infatuated,custody,meh,2025-12-15
112,aside,jive,per,righteously,where,mentor,2025-02-04
113,per,unexpectedly,boohoo,surprisingly,aha,eek,2025-05-01
114,ick,quintessential,unless,important,athwart,putrid,2025-08-22
115,gah,modulo,er,reprimand,amid,normal,2024-11-09
116,jut,up,besmirch,kookily,furthermore,what,2024-07-25
117,because,petty,microchip,forgery,indeed,uh-huh,2024-05-31
118,glossy,illusion,scare,international,oh,mindless,2025-08-13
119,incidentally,slope,yippee,lined,till,bleach,2025-10-06
120,uh-huh,soupy,bin,toward,burly,before,2024-05-31
121,bandwidth,preregister,phew,gloat,joyous,blah,2024-11-26
122,brisk,outside,detective,concerning,fixed,though,2026-02-02
123,or,whenever,optimistic,shoot,coal,at,2024-05-09
124,supposing,frightfully,ick,substantiate,enroll,nudge,2025-01-11
125,foolishly,unhealthy,mothball,powerfully,since,brr,2024-05-08
126,axe,pace,that,trash,quixotic,midst,2024-03-24
127,symbolise,conservative,grok,yuck,until,lighthearted,2025-04-20
128,bludgeon,meh,above,manner,gosh,rapidly,2026-02-10
129,furthermore,that,jogging,critical,woot,than,2025-08-21
130,pfft,furthermore,huzzah,whoa,woot,embarrassment,2024-07-03
131,duh,unbearably,retention,beside,ugh,glorious,2025-05-16
132,mash,intrigue,given,woefully,modulo,complicated,2024-03-22
133,likewise,where,amongst,toothpick,pfft,someplace,2025-06-23
134,loyally,gosh,disappointment,pilot,once,fearless,2025-01-02
135,ew,glorious,where,yum,disinherit,gently,2026-02-22
136,unhealthy,meh,so,hm,however,switchboard,2025-07-07
137,ew,geez,incidentally,anti,mismatch,nervous,2025-05-06
138,aboard,king,but,instead,yuppify,overcharge,2025-03-28
139,while,soap,pace,lazily,excluding,replicate,2025-12-25
140,blissfully,modulo,er,part,opposite,compete,2025-07-14
141,lovingly,ah,woot,ick,scoop,nasalise,2025-02-01
142,throughout,below,intently,very,than,brilliant,2024-10-19
143,gee,lavish,always,easily,abnormally,once,2024-07-17
144,boohoo,murky,heating,during,disconnection,granular,2025-06-11
145,flowery,behind,mmm,reasoning,restfully,wheel,2024-04-26
146,sunbeam,next,though,pant,likewise,even,2024-09-13
147,before,underneath,edge,dull,easily,meh,2025-05-19
148,hmph,convalesce,around,libel,duh,until,2024-09-10
149,boo,whereas,loosely,across,yet,adventurously,2025-05-02
150,once,deer,ouch,oddly,pension,altruistic,2025-06-29
151,esteemed,gah,tensely,enormously,hefty,besmirch,2025-10-21
152,rudely,aboard,abaft,egg,even,wrong,2024-09-04
153,officially,uniform,suffocate,expansion,unless,whoa,2026-02-19
154,unlike,ew,hourly,sup,jumbo,underneath,2025-10-18
155,writ,er,failing,ick,aha,down,2024-10-30
156,offensively,opposite,archive,alert,than,but,2025-12-31
157,yowza,except,lovingly,vision,gah,record,2024-09-25
158,wasteful,swanling,overfeed,blond,probe,down,2025-11-04
159,through,times,ligate,advocate,midst,zowie,2024-11-19
160,dime,mostly,catalog,elver,soft,whether,2025-11-26
161,overcoat,colon,duh,hmph,psst,cutlet,2024-09-21
162,duh,dearly,across,gracefully,hm,polite,2025-02-19
163,wilted,cellar,um,musty,decent,now,2024-11-30
164,whether,joyous,favorite,justly,colorfully,whose,2025-05-12
165,into,ack,mid,per,splay,bolster,2025-03-09
166,kowtow,parallel,cap,yuck,mechanic,stable,2024-03-30
167,finally,yippee,blah,as,over,consequently,2025-08-12
168,wildly,scenario,subtract,uh-huh,yuck,diligently,2024-10-14
169,amongst,accelerator,when,dimly,since,eventually,2026-01-28
170,brr,obsess,obnoxiously,accentuate,obnoxiously,gah,2024-05-27
171,every,carpool,psst,fireplace,homely,which,2025-02-06
172,ah,lest,bah,vamoose,gosh,concerning,2024-09-10
173,opposite,legal,however,dishonor,unusual,legend,2024-12-31
174,suddenly,place,mechanically,convince,unless,question,2025-05-23
175,while,flickering,in,generally,defenseless,when,2024-06-25
176,decouple,gaseous,before,before,underachieve,in,2025-02-28
177,leading,hmph,co-producer,wherever,yet,truthfully,2025-11-30
178,quadruple,woot,velvety,whose,if,cantaloupe,2025-07-18
179,devoted,save,impressionable,whoa,wavy,meanwhile,2024-10-08
180,after,ravioli,despite,reword,militate,aha,2025-11-07
181,when,while,upon,writ,slake,ouch,2025-05-01
182,supposing,wee,vaguely,almost,gigantic,rawhide,2024-03-18
183,mmm,oh,transparency,yet,greatly,immediately,2025-10-22
184,coincide,faithfully,why,alb,plus,than,2025-03-13
185,after,opposite,supposing,traduce,madly,entice,2024-11-06
186,fooey,traffic,pish,undergo,across,marten,2025-04-12
187,nor,aside,absent,dearest,meh,well-made,2025-02-28
188,meanwhile,ick,mobilize,majestic,heavily,oh,2024-12-27
189,immediately,mid,mutate,ick,brood,aggressive,2024-08-17
190,aha,instead,um,plumber,without,pro,2024-05-04
191,present,yum,veg,shameless,tame,forenenst,2024-11-11
192,hmph,after,er,tennis,since,wallaby,2024-11-05
193,silk,smuggle,unlike,ambitious,rim,divert,2024-07-28
194,headline,accompanist,descriptive,deeply,chiffonier,loosely,2025-06-25
195,defendant,among,steep,yowza,tenderly,whenever,2025-05-07
196,wisely,yearningly,testify,ill-fated,suckle,gripper,2025-01-29
197,aha,er,after,unto,fully,though,2025-04-16
198,bell,wedding,fall,eek,quickly,ouch,2024-09-28
199,failing,overplay,supposing,geez,how,linseed,2024-06-28
200,nor,since,behind,or,wildly,before,2024-09-05
201,rejoin,eek,inject,ugh,deselect,while,2024-08-14
202,um,before,yuck,perky,uh-huh,alongside,2026-01-07
203,biodegradable,unlined,gee,seemingly,outside,with,2024-04-15
204,outside,precedent,lovingly,within,tattered,exalt,2025-01-21
205,till,gah,qua,sans,yippee,male,2024-06-24
206,alongside,onto,dead,crossly,truthfully,collectivization,2024-09-20
207,consequently,below,amid,for,zany,transcend,2024-05-09
208,uncover,through,hopelessly,extent,tennis,reference,2026-02-15
209,afterwards,frightfully,unimpressively,via,rural,ready,2024-05-28
210,fleck,a,pearl,funny,ravioli,scenario,2024-08-21
211,consequently,spectacles,clavicle,hidden,gadzooks,surprisingly,2025-04-07
212,proud,wherever,physical,beyond,beloved,respray,2025-07-18
213,derby,ravioli,injunction,without,scout,snowplow,2025-12-11
214,who,than,bide,pfft,near,mmm,2025-02-24
215,bah,peony,whenever,technician,er,blah,2024-05-04
216,oh,warped,so,dishearten,behind,from,2025-09-18
217,blue,youthful,rebel,among,merrily,word,2025-09-04
218,joyously,where,bid,yet,populist,noon,2025-02-09
219,punctually,repeatedly,overwork,newsletter,sneak,tightly,2024-11-20
220,uh-huh,remark,blah,inject,furthermore,that,2025-05-26
221,quarrelsomely,sternly,pish,patiently,lest,since,2025-11-11
222,jubilantly,rust,venture,like,gah,wash,2024-10-08
223,provided,somber,until,stoop,fair,imagineer,2026-01-30
224,bustling,shirk,an,whether,revoke,apud,2025-04-13
225,insidious,disadvantage,thump,blah,aw,slide,2025-11-25
226,but,inasmuch,till,really,unless,curiously,2025-04-11
227,phew,intently,knotty,blaspheme,duh,testing,2025-05-27
228,regal,scarcely,elver,heavily,what,conservation,2024-11-11
229,roughly,from,carelessly,matter,past,oily,2024-06-18
230,nutritious,enormously,until,lest,horst,near,2024-03-08
231,airbrush,trusty,huzzah,cheerful,inasmuch,uh-huh,2025-05-13
232,basket,upon,expostulate,hmph,glass,in-joke,2025-11-16
233,brr,instead,including,a,acknowledge,bright,2025-10-28
234,partridge,aged,inasmuch,lest,royal,essence,2024-08-29
235,phooey,ew,adolescent,as,submitter,mob,2024-09-09
236,amazing,gray,quadruple,forenenst,overcoat,morbidity,2024-07-31
237,powerfully,phooey,swift,blah,ick,velocity,2024-02-27
238,likewise,bah,irritably,corral,lest,vaguely,2024-09-23
239,matter,extremely,haunting,yellow,since,trustworthy,2025-10-04
240,psst,wheel,thorny,upon,boldly,timely,2024-06-20
241,authentic,fruitful,because,pop,bah,duh,2025-10-02
242,mythology,reclassify,despite,bobble,apud,pear,2025-10-20
243,yet,except,indeed,lest,upside-down,packaging,2025-02-08
244,minus,once,quickly,cloudy,where,given,2024-10-08
245,ha,yahoo,admonish,once,lest,authentic,2025-05-09
246,well-made,considering,ew,kindly,oh,commonly,2026-01-06
247,or,requite,snow,mummify,mmm,hence,2024-08-29
248,so,between,above,nor,rot,um,2025-11-14
249,warm,bah,unfit,inasmuch,sushi,milestone,2024-05-13
250,huzzah,meaningfully,because,obesity,comestible,bicycle,2025-10-24
251,remand,brr,membership,whereas,mouser,yowza,2025-06-17
252,huzzah,readily,towards,brush,archive,blissfully,2025-11-15
253,acidly,notwithstanding,sans,weekly,barring,jaggedly,2025-03-03
254,superior,ack,digestive,yum,attest,but,2025-11-15
255,beep,astride,begonia,sin,formation,um,2026-01-19
256,eek,trivial,downright,cricket,excellent,uh-huh,2026-01-05
257,sizzle,plumber,toady,adviser,aw,drat,2024-11-29
258,whoever,promptly,utilization,zowie,where,physically,2024-08-15
259,stiffen,painfully,hmph,through,scheme,aha,2025-06-26
260,excluding,pish,machine,so,times,incidentally,2026-02-16
261,as,manage,against,upside-down,permafrost,chunder,2025-06-14
262,meander,consequently,dishearten,descent,furiously,horn,2024-04-29
263,yum,till,woot,oh,into,sensitize,2025-03-11
264,middle,certify,pish,lightly,kiddingly,towards,2025-12-06
265,jovially,fooey,between,phooey,about,speedily,2024-08-01
266,woot,screw,healthily,phooey,to,blank,2025-02-06
267,fiercely,integer,boohoo,masculinize,detective,because,2026-02-10
268,likewise,er,down,nor,brr,gosh,2024-04-10
269,yet,aha,rag,oily,drat,disconnection,2024-11-12
270,submitter,defiantly,yippee,linseed,meaty,hence,2024-06-13
271,gosh,shudder,phew,seemingly,cluttered,underneath,2025-12-24
272,intervention,formation,rejigger,deficient,willfully,privilege,2025-06-09
273,drat,instead,extremely,dulcimer,modulo,hence,2025-08-22
274,shaft,despite,gently,fairly,hawk,bloom,2024-11-23
275,provided,those,mediocre,jovially,nicely,cannon,2025-12-29
276,yet,ugh,ugh,past,ah,regarding,2025-07-29
277,phew,yahoo,delightfully,boohoo,since,where,2025-10-22
278,blah,eek,cauliflower,pressure,cleave,instead,2025-07-23
279,via,weakly,dulcimer,diligently,deliberately,hoarse,2026-01-25
280,till,yum,torn,drat,juggernaut,vastly,2025-02-20
281,ugh,wherever,that,haversack,that,stabilise,2025-10-13
282,uncover,mid,climb,carelessly,save,aboard,2025-04-02
283,grizzled,probate,in,thoughtfully,bright,molasses,2026-01-15
284,unless,or,microchip,rationalise,behind,proofread,2025-09-01
285,questioningly,pro,out,geez,huzzah,among,2024-12-13
286,almost,refine,apt,timely,political,search,2025-01-18
287,round,ugh,through,among,usually,even,2025-10-10
288,briskly,pish,reservation,scamper,riser,unaccountably,2025-12-08
289,likewise,yowza,ouch,before,lovable,phew,2025-03-30
290,gosh,given,geez,ascribe,huzzah,cleaner,2025-06-25
291,meh,properly,meh,cheerfully,once,once,2024-03-24
292,beyond,councilman,cantaloupe,proliferate,excepting,until,2025-04-30
293,ick,against,um,obtrude,mmm,mysteriously,2025-06-05
294,meh,resource,because,ah,against,geez,2024-07-30
295,orientate,testimonial,next,please,sans,dismal,2025-08-27
296,miscalculate,duh,if,slipper,nautical,phew,2025-11-29
297,nucleotidase,plain,worse,during,easily,battle,2026-01-21
298,often,against,scheme,during,handle,sensitize,2024-05-11
299,frightfully,hearten,out,whether,finally,summer,2025-04-26
300,keenly,pish,quicker,formamide,boo,jury,2024-05-04
301,yummy,alongside,oxidize,meh,an,tune-up,2024-06-19
302,apparatus,acidly,coarse,focused,twin,ride,2025-04-25
303,searchingly,sturdy,linseed,redress,drat,whose,2025-08-16
304,indeed,eek,dearly,valiantly,elegantly,compromise,2025-10-30
305,through,repentant,zowie,until,swath,instantly,2025-01-12
306,storyboard,between,tensely,duffel,minus,sternly,2024-07-24
307,bitter,papa,platter,why,jaggedly,and,2026-02-11
308,silky,hexagon,internal,whoa,sun,hollow,2025-08-18
309,whoa,formation,hmph,cautiously,um,rightfully,2024-07-06
310,via,granny,lender,sideboard,although,noxious,2024-12-25
311,dishonor,twin,tattered,triumphantly,cemetery,blink,2025-06-08
312,if,madly,guidance,um,regarding,entomb,2024-03-13
313,embarrassment,rationalize,hovel,scuttle,summary,mmm,2024-05-03
314,pulverize,harp,pertinent,worth,since,energetically,2025-01-20
315,psst,hm,fooey,why,tenderly,undergo,2025-06-01
316,successfully,woot,eek,hexagon,overconfidently,aside,2025-07-22
317,alligator,sleepily,gazebo,yearningly,proliferate,plus,2025-04-06
318,splendid,blah,absentmindedly,another,duh,evenly,2025-03-15
319,busily,amendment,phew,vice,where,wholly,2025-10-08
320,late,gee,until,ah,or,whoa,2024-04-24
321,fooey,an,cellar,between,as,scheme,2026-01-30
322,acidic,wholly,behind,object,afore,upwardly,2026-01-14
323,bah,ajar,jealously,naughty,queasily,while,2024-12-07
324,siege,what,commonly,offensively,whether,instantly,2024-07-20
325,hence,geez,pants,state,yahoo,tenderly,2025-05-29
326,inasmuch,gadzooks,provided,unexpectedly,usually,pro,2024-04-20
327,until,after,hm,horst,vice,tricky,2024-05-13
328,if,even,than,yuck,upright,bus,2024-05-24
329,ha,furthermore,cosset,colon,indeed,next,2025-12-16
330,delightfully,owlishly,only,through,grubby,fit,2025-12-09
331,mechanically,upright,above,degrease,now,concerning,2025-05-13
332,ha,before,except,handsome,ah,unselfish,2024-12-10
333,woot,culture,er,geez,analyse,uproot,2026-01-15
334,though,than,hmph,an,apologise,except,2024-05-03
335,ick,airman,but,behind,converse,creature,2025-06-15
336,larva,very,never,lively,vivacious,whether,2025-08-13
337,who,off,ambitious,toward,brr,waft,2026-02-13
338,beyond,moralise,finally,wherever,numb,upon,2025-11-30
339,scrabble,unfortunately,nor,median,warped,save,2025-12-26
340,of,brr,following,trouser,electrify,following,2025-12-08
341,regarding,sashay,ugh,gray,supposing,alligator,2025-08-21
342,provision,questionable,judgementally,emerge,fraternise,likewise,2025-09-21
343,assail,whereas,as,polarisation,than,pillow,2025-04-18
344,unless,probate,incidentally,before,break,duh,2024-08-13
345,via,oil,jazz,collaborate,delicious,disadvantage,2025-07-11
346,finally,ugh,oxygenate,sequester,whose,juggernaut,2024-03-27
347,uselessly,ew,which,acidly,spirit,before,2024-05-17
348,atop,whoa,failing,whispered,govern,squirm,2025-03-10
349,daily,snoopy,though,ha,flat,probe,2024-03-27
350,provided,whistle,commonly,mousse,only,apropos,2026-02-08
351,psst,flashy,birdcage,reconsideration,embalm,redraw,2024-07-04
352,secondary,without,restfully,seldom,insignificant,stint,2025-03-15
353,depute,cellar,however,um,gadzooks,suspiciously,2024-03-02
354,waft,orchid,split,incomparable,excluding,chatter,2026-01-03
355,openly,times,whereas,clumsy,wherever,um,2025-12-29
356,satirise,or,majestic,why,excepting,between,2025-07-22
357,miserably,fess,uh-huh,yuck,regarding,twine,2024-08-06
358,ectoderm,below,upon,gloomy,till,entice,2025-02-24
359,creative,doubtfully,plus,compassionate,yet,guzzle,2025-08-10
360,essay,motivate,robust,into,fervently,unimpressively,2025-07-07
361,lest,brace,patiently,deer,courtroom,furthermore,2024-04-30
362,tough,scarcely,punctuation,guilty,asset,dreary,2025-09-24
363,rural,bossy,cuddly,technologist,on,shark,2024-09-06
364,athletic,loftily,yuck,metal,though,cheetah,2025-03-21
365,huzzah,scarcely,aw,deploy,ha,failing,2025-02-11
366,wordy,fervently,testimonial,yum,uh-huh,handsome,2024-08-27
367,lobster,yum,meanwhile,hence,accompanist,shrill,2025-06-01
368,obesity,draft,accidentally,wearily,down,around,2024-12-23
369,apropos,encode,indeed,athwart,prejudge,annually,2025-09-15
370,upright,yum,how,opposite,ownership,trustworthy,2024-04-18
371,given,unimpressively,apologise,zowie,scale,honored,2024-11-24
372,key,ashamed,circa,little,even,reapply,2025-03-17
373,drat,bolster,into,apropos,fond,backburn,2025-09-27
374,provided,because,hypothesise,etch,stall,likewise,2025-08-06
375,unused,profitable,near,duh,acidly,because,2025-05-02
376,swing,fortunately,incidentally,uh-huh,dowse,gee,2025-09-17
377,minty,unless,scrutinise,physically,without,finally,2025-08-07
378,sugary,anxiously,inwardly,spice,downright,ack,2025-02-04
379,pace,who,beside,sans,following,aw,2025-11-19
380,gee,amid,farm,smart,operating,softly,2025-09-09
381,brr,although,consequently,stay,gracefully,thongs,2025-05-24
382,ick,sleepy,how,nor,flustered,however,2024-11-26
383,word,before,waltz,excluding,duh,barring,2025-02-21
384,deeply,list,murky,phew,pfft,whoever,2024-03-12
385,blaring,before,cautiously,well,pish,lock,2024-08-11
386,although,softly,huzzah,instructive,norm,an,2024-06-28
387,upset,hungrily,aw,hm,ouch,geez,2024-05-08
388,aboard,first,though,oddly,astonishing,saturate,2025-08-24
389,on,trivial,beyond,antelope,generally,inasmuch,2025-09-29
390,outside,once,duh,veto,hence,jot,2025-03-16
391,boohoo,golden,excepting,tray,mount,absent,2025-01-31
392,behind,always,prestigious,unbearably,atop,ouch,2025-10-18
393,cleaner,within,vivaciously,with,oof,community,2025-07-25
394,how,often,milestone,trash,although,soon,2025-03-13
395,pro,as,pace,devise,huzzah,apparatus,2025-10-06
396,fraudster,from,like,narrow,whether,flawless,2025-07-08
397,stump,pastel,because,commemorate,oof,median,2025-01-01
398,casement,down,mmm,awful,consequently,abaft,2025-08-05
399,inspection,calculating,short,unabashedly,geez,um,2025-08-16
400,afterwards,over,imaginary,drat,hopelessly,furlough,2024-09-04
401,geez,athwart,whenever,so,beyond,dull,2024-04-13
402,optimistically,famously,supposing,consequently,boldly,yippee,2025-06-07
403,including,but,notwithstanding,ha,per,amongst,2024-10-29
404,matter,apropos,hamburger,afterwards,er,impact,2025-09-12
405,agile,juvenile,annually,ghost,baritone,gosh,2025-07-08
406,punctually,gracefully,drat,epic,sin,yowza,2024-07-24
407,ramp,rarely,than,smoothly,round,ugh,2026-02-19
408,junior,huzzah,canter,hurtful,bin,kookily,2025-04-05
409,easily,flame,underneath,peaceful,colligate,jungle,2025-08-17
410,yet,hutch,unless,for,alongside,merit,2025-08-02
411,wilderness,repeatedly,out,grumpy,whoever,facilitate,2024-09-30
412,inside,into,proselytise,ack,hoot,pale,2026-01-25
413,drat,although,sardonic,hygienic,times,anti,2024-07-23
414,recklessly,yesterday,nutritious,bobble,tidy,aware,2025-02-08
415,although,ethyl,alliance,vanadyl,intensely,thrifty,2025-10-31
416,warmly,outfit,unless,fluff,until,bidet,2025-10-10
417,colorfully,oxygenate,whether,sideboard,delete,hefty,2025-12-03
418,even,gosh,athwart,alert,ah,mmm,2025-11-08
419,exotic,tall,toaster,yuck,likely,commercial,2025-04-10
420,pushy,heavenly,meaningfully,unlike,whether,guilt,2024-12-24
421,blond,whoever,relaunch,until,concerning,once,2026-01-26
422,fit,character,cassava,hello,boring,twine,2025-08-28
423,wing,abaft,freely,elliptical,beneath,descendant,2024-05-14
424,tightly,nor,whoa,if,knottily,diligently,2025-01-19
425,glittering,canter,stoop,satirize,develop,while,2025-01-06
426,nearly,well,terribly,tuxedo,humiliating,noted,2024-09-07
427,toothpick,oof,er,aged,lest,remarkable,2025-06-23
428,yowza,moment,oil,eek,partial,viciously,2025-01-02
429,terribly,elastic,yuck,dish,tool,woot,2026-01-21
430,delete,pace,including,pish,freely,pace,2024-08-25
431,event,monthly,wildly,whether,beneath,unabashedly,2025-12-04
432,since,gadzooks,stake,ouch,eek,statement,2024-06-06
433,lest,construe,till,kit,dapper,married,2024-07-14
434,brr,fork,mmm,useless,aftermath,splosh,2024-10-03
435,lack,sometimes,record,distinct,bogus,deliquesce,2025-10-08
436,wherever,impact,pastel,confide,lustrous,terribly,2025-03-20
437,scarcely,fluff,psst,cauliflower,qua,afford,2025-12-16
438,hmph,coordinated,inasmuch,querulous,greedily,indolent,2025-04-04
439,hutch,fly,come,joyous,at,aware,2025-04-01
440,instead,why,who,tough,fragrant,poor,2025-08-29
441,loyally,tackle,yieldingly,whoa,impressive,championship,2025-01-15
442,triangular,apropos,drat,phooey,boo,comb,2024-11-06
443,probate,blissfully,almost,yieldingly,silent,farm,2024-05-03
444,inculcate,birdbath,loyally,atop,ameliorate,lonely,2024-07-09
445,pulse,alongside,boastfully,twin,so,duh,2024-12-02
446,worth,swerve,hastily,vainly,rarely,underneath,2024-12-03
447,devastation,youthfully,and,of,where,past,2025-05-21
448,smoothly,enroll,mature,ill,t-shirt,what,2024-07-14
449,outnumber,scarily,gadzooks,under,trick,but,2024-11-02
450,woot,the,regarding,contractor,anenst,before,2024-03-11
451,provided,paralyse,even,aw,cleverly,helpful,2025-06-08
452,if,ring,swear,selfishly,ugh,palate,2025-12-24
453,because,incidentally,warped,adult,along,other,2025-10-25
454,story,lampoon,hutch,slip,gracious,fog,2024-12-03
455,ack,separately,excellent,navigate,lounge,before,2025-07-18
456,duh,sans,gee,hmph,now,anenst,2024-07-25
457,scrutinise,papa,wetly,phew,gah,thunderbolt,2024-06-09
458,past,because,now,judgementally,yuck,about,2026-02-02
459,onto,scrap,rightfully,joyfully,always,before,2025-04-02
460,nasalise,ha,scarily,scale,weekly,fraudster,2024-03-14
461,softly,bump,soliloquy,swing,phooey,ah,2024-08-22
462,physically,acidly,psst,ew,psst,inasmuch,2024-11-01
463,anti,alert,questioningly,swift,solvency,pitiful,2025-06-08
464,above,till,ack,excited,clamor,an,2025-02-18
465,mob,lobotomise,whether,likewise,ugh,atop,2025-05-05
466,satirise,whereas,via,paltry,whoa,er,2024-09-11
467,before,zesty,up,flu,archive,hm,2025-10-01
468,coordination,segregate,ha,strict,as,psst,2024-09-06
469,soup,platter,brr,regarding,because,arrogantly,2025-05-07
470,aboard,brief,cutover,across,below,pfft,2025-06-25
471,gee,geez,accompanist,machine,unsteady,as,2025-09-19
472,than,diversity,gorgeous,uneven,since,impractical,2025-06-04
473,over,vastly,useless,mash,preclude,off,2025-07-28
474,ah,birdbath,amidst,imaginary,while,eyeliner,2025-09-14
475,barracks,litter,boo,drat,mainstream,yowza,2026-01-01
476,um,rationalise,candid,who,slink,fill,2026-02-03
477,amused,inspection,softly,into,handy,er,2024-06-27
478,snappy,beyond,athwart,whoever,quirkily,boohoo,2026-01-20
479,grouchy,before,whether,whereas,rapidly,er,2024-08-12
480,aggressive,passionate,mmm,rear,once,officially,2024-07-18
481,sure-footed,frenetically,thoroughly,iridescence,though,confusion,2025-01-29
482,readily,throughout,per,athwart,beside,arrange,2025-04-29
483,brace,woot,some,colorful,until,demobilise,2025-01-16
484,at,failing,modulo,supplier,fun,whereas,2024-10-23
485,zowie,per,toward,windy,over,sans,2024-04-03
486,than,violin,mixture,corner,serpentine,shampoo,2025-11-09
487,whoever,or,hm,geez,lounge,lock,2025-01-19
488,that,suspiciously,whereas,birth,whose,pillory,2025-08-05
489,upright,or,angelic,when,so,waver,2024-05-14
490,after,what,yum,duh,singe,yahoo,2024-11-15
491,uh-huh,pish,supposing,hoof,mesh,opposite,2025-05-15
492,aha,shadowy,hence,afore,wherever,floss,2025-07-20
493,geez,failing,plus,whereas,obligation,geez,2025-05-05
494,that,athwart,loyally,nor,hyena,bah,2024-11-14
495,blah,stunt,pant,duh,pack,yowza,2025-11-16
496,perfectly,give,pace,fooey,oh,provided,2025-10-05
497,gadzooks,failing,courageously,generally,thorough,boastfully,2024-11-17
498,overcook,including,reschedule,the,who,inwardly,2024-04-13
499,pave,majority,segregate,dime,produce,sore,2024-08-07
500,fog,before,whether,sans,forenenst,sardonic,2024-08-15
501,vacantly,yogurt,mousse,ugh,marketplace,neatly,2026-02-10
502,essential,suspiciously,zowie,behind,cricket,certainly,2025-04-15
503,beep,agitated,sunbathe,huzzah,loosely,emerge,2024-03-09
504,till,manage,telescope,whereas,yellow,woot,2024-05-02
505,tank,flawless,repossess,guest,trained,ha,2025-02-11
506,observe,frizz,even,near,ouch,safely,2024-03-25
507,monster,absent,govern,through,why,punctually,2025-06-30
508,which,insert,but,mysterious,once,like,2024-07-20
509,supposing,snoop,whenever,maroon,optimal,abaft,2024-11-22
510,per,concerning,circa,loftily,requirement,rag,2024-04-05
511,because,creative,nor,terrible,beneath,miserably,2024-10-26
512,partially,patiently,phooey,why,gorgeous,unless,2025-01-09
513,dutiful,forgo,woot,appropriate,meadow,scoff,2025-12-28
514,unhappy,if,smooth,glimmer,ah,cycle,2024-02-25
515,neatly,whoa,sudden,compromise,section,kettledrum,2025-10-04
516,yowza,dirty,alongside,brr,rotating,fun,2024-02-29
517,amid,how,supplier,boohoo,whose,too,2025-05-10
518,intermesh,now,officially,deliberately,incidentally,defenseless,2025-02-23
519,hence,hence,smoothly,blissfully,captain,below,2025-11-22
520,vainly,edge,plastic,smoothly,modulo,icy,2025-04-08
521,tank,kindly,quaintly,whoever,extra-large,for,2026-01-20
522,inasmuch,wrathful,faithfully,caring,woot,limping,2024-06-23
523,guilty,aw,versus,why,married,whoa,2025-07-09
524,junior,possession,chunter,mockingly,wry,bogus,2025-03-08
525,meanwhile,bathrobe,well,requite,ouch,aha,2025-03-05
526,stiff,pro,incomparable,silt,suddenly,since,2025-10-23
527,singing,equal,blah,summarise,ragged,than,2025-12-26
528,usually,likewise,but,wherever,so,under,2024-10-04
529,up,finally,redress,past,ha,suckle,2025-08-15
530,ingratiate,against,across,since,institutionalize,even,2025-06-11
531,labourer,never,mmm,safely,how,irritably,2024-12-17
532,sweatshop,before,even,drat,yuck,as,2025-08-07
533,boldly,fundraising,around,suffocate,so,fax,2025-08-13
534,mousse,pfft,on,knottily,atop,supposing,2024-07-19
535,anneal,afore,yowza,yuck,toe,numeric,2025-10-29
536,hastily,an,likewise,zowie,assist,past,2024-04-11
537,rebuild,primary,eek,queasily,scoop,settler,2025-12-30
538,upon,noisily,amongst,tough,mmm,huzzah,2026-01-16
539,before,scornful,lashes,meh,sustenance,desk,2025-07-12
540,chime,dress,randomize,marketplace,oh,frank,2024-04-02
541,yum,on,inspect,highly,aching,very,2024-02-26
542,emulsify,across,worriedly,how,verbally,overspend,2025-06-11
543,suburban,till,spark,duh,surprisingly,hm,2025-06-16
544,verbally,viability,going,before,queasily,yippee,2024-11-18
545,impact,strict,warmly,regarding,aha,sprinkles,2025-04-29
546,joshingly,onto,airmail,internalise,incidentally,supposing,2024-10-16
547,boohoo,ack,never,gee,unless,lest,2025-12-05
548,shovel,sugary,recklessly,next,under,substantial,2024-07-26
549,consequently,toe,median,tectonics,shore,gosh,2025-07-17
550,unless,yuck,as,fireplace,fluff,hm,2025-09-07
551,yum,unwilling,rapidly,boohoo,conservative,loaf,2024-03-06
552,violently,kindheartedly,tune,fervently,truthfully,sailor,2025-04-07
553,yippee,department,ack,but,round,birdcage,2024-06-18
554,comb,chiffonier,boo,keenly,surface,tarry,2025-02-24
555,midst,regularly,qua,give,because,er,2025-02-10
556,diligent,um,filter,if,gah,ski,2024-02-26
557,impossible,ick,jaggedly,graduate,fiercely,ambitious,2025-07-01
558,incomplete,severe,ick,even,inasmuch,realistic,2024-06-27
559,boo,ew,apropos,doting,gee,boohoo,2025-12-23
560,velocity,till,naturally,portly,tragic,or,2024-05-30
561,amidst,founder,nab,well-documented,about,psst,2025-03-19
562,once,deadly,large,whose,as,league,2025-09-01
563,unless,portray,christen,pretend,whenever,part,2025-08-15
564,tame,why,until,after,hmph,pupil,2024-08-03
565,naturally,hm,whenever,capitalise,or,terribly,2024-08-28
566,athwart,toothpick,hygienic,finally,browse,loose,2025-04-01
567,if,incomplete,daily,community,considering,orientate,2024-11-03
568,intensely,versus,bog,bah,anenst,yippee,2026-01-19
569,calculus,stock,makeover,outlandish,energetically,following,2025-11-13
570,snuggle,till,instead,daily,above,past,2025-01-27
571,frightfully,chops,trusting,planula,given,vestment,2024-07-01
572,understated,breastplate,provided,blah,wearily,among,2025-05-14
573,darn,circulate,growing,worth,analyse,moisten,2024-11-23
574,hence,what,bah,ugh,even,helplessly,2024-08-03
575,usefully,puff,justly,unlike,and,blushing,2024-09-12
576,round,solution,floodlight,now,access,times,2025-06-29
577,antagonize,furthermore,firm,till,out,unbearably,2024-12-17
578,juggernaut,ultimately,yet,gosh,fortunately,atop,2025-01-28
579,even,but,language,whine,concentration,coordinated,2024-04-04
580,because,how,since,scrape,annually,woot,2025-11-23
581,cumbersome,exhausted,markup,step,dramatize,advocate,2024-04-14
582,institutionalize,round,inhibit,clamp,amongst,legging,2025-05-18
583,backbone,amid,outdo,private,hmph,overfeed,2024-09-12
584,sardonic,geez,about,controvert,mockingly,jive,2024-08-02
585,lest,lest,partially,mostly,showboat,fashion,2024-05-02
586,majority,pleasing,overspend,knowledgeably,around,doodle,2024-09-19
587,conceptualize,dual,plus,duh,foot,speedy,2025-07-23
588,orient,up,rudely,vice,reward,mmm,2025-06-26
589,license,first,ouch,huzzah,gah,blossom,2025-12-08
590,um,ah,consequently,including,adjudge,considering,2025-10-03
591,uselessly,yuck,beautifully,furthermore,yahoo,queasy,2025-04-24
592,where,per,square,regularly,swine,out,2025-10-16
593,straight,meanwhile,over,relaunch,out,utterly,2025-08-11
594,likewise,kookily,gee,ick,worth,plugin,2025-08-17
595,splosh,graft,safeguard,unlike,unless,deflect,2026-01-31
596,submissive,eek,comfortable,sand,an,aggressive,2024-08-07
597,angelic,solvency,impact,intrepid,till,meanwhile,2025-09-21
598,er,bleak,alive,deduct,privilege,confirm,2025-01-11
599,misread,likewise,poetry,tall,next,unselfish,2024-06-10
600,clamour,trained,affiliate,biodegradable,tankful,pale,2024-12-25
601,phooey,bewail,whether,beyond,athwart,um,2025-11-10
602,fill,hmph,phooey,furthermore,bashfully,starch,2024-12-21
603,kooky,amid,costume,but,whoa,um,2024-05-05
604,treasure,round,where,so,so,mostly,2025-12-04
605,hm,ah,whereas,hunt,outfit,how,2025-05-20
606,thoughtfully,form,worst,provided,fast,phooey,2024-12-26
607,unless,huzzah,fairly,ghost,abscond,extremely,2026-01-31
608,frightfully,gut,reopen,deduce,bleak,definitive,2025-09-24
609,blindly,CD,obstruct,uncork,gadzooks,beyond,2024-06-29
610,now,scrabble,veto,fooey,blah,oof,2025-01-29
611,underneath,import,approximate,uh-huh,pasta,however,2025-08-04
612,which,obediently,turbulent,unpleasant,upon,develop,2024-11-08
613,curiously,faithfully,toward,hmph,never,chromakey,2025-04-02
614,unlike,egg,any,soft,pfft,towards,2025-01-31
615,hunger,ruin,ick,although,proliferate,pillbox,2025-07-28
616,till,duh,towards,perp,shyly,antelope,2025-11-01
617,like,gadzooks,dulcimer,ugh,passport,shimmering,2025-02-17
618,circa,minus,solidly,er,until,hepatitis,2024-10-14
619,qua,ouch,sad,unless,unethically,swim,2024-05-12
620,millet,nervously,runway,rosy,gadzooks,cricket,2025-04-27
621,furthermore,wisely,truly,than,testing,or,2025-03-17
622,alongside,steak,ack,meh,outrageous,nudge,2024-06-05
623,solidly,ick,moor,altruistic,geez,big,2024-03-02
624,brr,young,giggle,unselfish,dress,giving,2025-01-18
625,duh,handover,scope,righteously,minor,the,2026-01-27
626,sermon,exploration,presume,disapprove,scarcely,optimistic,2024-05-26
627,ouch,who,cruelly,nippy,clumsy,separate,2025-07-28
628,meanwhile,given,slow,whup,unsung,hence,2024-03-31
629,how,phooey,hmph,futon,gah,unnaturally,2024-05-17
630,ethical,amid,though,woot,ew,lawful,2025-05-14
631,wry,ugh,coaxingly,acidly,arrogantly,blah,2026-01-31
632,than,readmit,er,how,mid,conservative,2024-05-28
633,pension,extension,yet,excitable,pace,ew,2025-11-02
634,cautious,wherever,free,wetly,bobble,stale,2024-10-31
635,attraction,indeed,upsell,against,fooey,delectable,2024-04-30
636,than,barring,alert,hepatitis,alert,masticate,2024-05-21
637,who,better,phooey,skateboard,via,sonata,2025-07-03
638,round,blindly,mortise,pish,unto,blah,2025-02-26
639,gah,shrill,shakily,but,throughout,carefully,2024-08-13
640,fairly,whose,furthermore,plus,quixotic,shadowy,2024-05-13
641,search,over,openly,though,mesh,who,2025-01-13
642,kinase,please,forgery,by,not,once,2024-08-16
643,instead,desk,whereas,psst,diver,at,2024-08-18
644,yuck,for,blaring,willing,demobilise,zowie,2025-02-22
645,hm,pine,till,gadzooks,healthily,sparkling,2025-02-13
646,quadruple,behind,hose,gazebo,co-producer,searchingly,2025-01-18
647,blah,stable,unwieldy,as,unscramble,gosh,2026-01-26
648,leading,jacket,opera,coaxingly,even,rarely,2024-08-10
649,promptly,serenade,considering,deliberately,exhausted,through,2025-10-02
650,radiant,why,dilate,forsaken,provided,shabby,2024-12-14
651,thoughtfully,given,drab,extension,between,lustrous,2024-10-28
652,sense,now,wee,save,duh,athwart,2025-07-27
653,versus,nearly,not,whitewash,beyond,hydrolyse,2025-06-25
654,frenetically,resolve,furthermore,on,but,hmph,2025-04-14
655,unbearably,forceful,late,till,gadzooks,exasperation,2025-10-12
656,observe,correctly,far-off,throughout,minor,however,2025-05-21
657,juicy,though,compassionate,ugh,procurement,inexperienced,2025-03-11
658,finally,positively,fortunately,vice,sensitize,wherever,2024-06-13
659,cop,besides,once,onto,given,unibody,2024-11-29
660,than,helplessly,confusion,armoire,break,override,2024-04-04
661,woeful,wiggly,but,ragged,bestride,reborn,2024-12-09
662,unwilling,while,scarper,gracefully,breed,mockingly,2024-05-10
663,friendly,aha,burgeon,replicate,pack,circa,2024-08-25
664,tomorrow,until,unused,what,perfumed,versus,2026-02-16
665,raw,rebuild,extremely,hence,afford,pro,2025-11-07
666,because,once,who,gadzooks,although,queasily,2024-03-25
667,oof,certify,blah,aside,beret,plus,2025-11-18
668,delicious,tough,moor,but,reach,uh-huh,2024-05-26
669,which,reproachfully,cauliflower,knowledgeably,lighthearted,likewise,2025-04-12
670,reapply,bran,instead,late,eek,amidst,2025-05-04
671,deform,mean,splay,supposing,because,great,2024-04-23
672,unfinished,publicity,following,although,delectable,festival,2024-07-22
673,limited,maintainer,boggle,unless,however,habit,2024-10-10
674,celsius,maestro,designation,jubilantly,rigidly,search,2025-09-30
675,whoever,ascertain,anenst,festival,entice,tenderly,2024-09-13
676,frank,before,nectarine,at,bah,scaly,2025-02-12
677,finally,expostulate,godparent,sashay,onto,traditionalism,2024-06-09
678,creamy,when,till,table,able,yowza,2025-02-06
679,wire,whitewash,phew,er,usable,tuber,2024-07-24
680,official,drat,flat,until,minus,a,2024-07-16
681,plain,near,including,log,mmm,upon,2024-12-10
682,drat,busy,marimba,what,grizzled,for,2024-08-19
683,book,politely,below,rowdy,pillory,rule,2024-05-11
684,aw,our,before,after,arbitrate,than,2025-09-09
685,after,yahoo,with,questioningly,times,regularly,2025-12-27
686,bah,generously,goose,after,resort,smoothly,2025-04-03
687,rubric,goodwill,slap,upright,thunderbolt,physical,2025-08-11
688,if,witty,rightfully,gown,now,though,2024-06-15
689,broken,whether,selfishly,drat,unless,till,2025-04-30
690,ew,pasta,stormy,prejudge,well-to-do,sophisticated,2025-11-24
691,orient,even,vanadyl,meh,expense,since,2024-11-09
692,graceful,whoa,fully,knottily,oof,mothball,2024-10-30
693,awkwardly,adventurously,commemorate,respray,heroine,formamide,2024-11-28
694,dense,regarding,yippee,whoever,arid,which,2025-12-26
695,vastly,after,than,understanding,psst,pfft,2024-11-21
696,times,flimsy,faithfully,phooey,across,hence,2026-02-16
697,monthly,aha,kiddingly,towards,punctually,coop,2024-09-05
698,tighten,sunbeam,supposing,although,furthermore,uh-huh,2024-07-19
699,creak,inventory,unibody,yuck,iterate,awful,2025-05-22
700,hence,yahoo,finally,instead,replacement,prioritize,2025-08-17
701,knowingly,whereas,circa,fictionalize,enlist,unexpectedly,2025-08-30
702,glass,cone,between,lighthearted,during,decryption,2025-10-20
703,provision,finally,athwart,awful,so,whereas,2025-03-11
704,youthfully,likewise,blank,if,simple,intensely,2025-07-02
705,yippee,openly,violent,mask,after,now,2024-09-09
706,offset,er,hm,ownership,vice,however,2024-11-02
707,sugary,mortally,behind,nightlife,besides,circa,2025-04-01
708,recovery,bah,shush,convince,warlike,mob,2024-11-16
709,deflect,whoever,scarily,what,fibre,outset,2024-09-14
710,unexpectedly,following,stack,slime,casket,ick,2026-02-08
711,really,lampoon,geez,dwell,uh-huh,shovel,2025-11-28
712,obesity,because,house,zowie,hot,whoever,2024-04-25
713,past,and,hourly,broadly,hornet,qua,2024-04-03
714,failing,excepting,eek,especially,consequently,boo,2025-12-30
715,pish,incidentally,eyebrow,gadzooks,defrag,untimely,2024-10-17
716,without,filter,ick,zowie,geez,yum,2024-06-22
717,where,messy,meh,huzzah,first,about,2024-06-15
718,wherever,snoop,whether,stir-fry,throbbing,unfortunate,2026-02-20
719,consign,alongside,worth,obediently,afterwards,geez,2025-08-02
720,where,mmm,unless,why,ew,unfreeze,2025-10-25
721,ha,annually,mostly,finger,impish,even,2024-11-18
722,ultimately,slather,towards,strong,switch,honestly,2025-02-24
723,decriminalize,guidance,as,since,failing,trusting,2025-03-09
724,openly,digital,as,nerve,pleasant,cleverly,2024-04-09
725,gah,trust,coil,fun,coexist,needily,2024-03-14
726,a,however,woot,construe,noteworthy,word,2025-07-17
727,oily,kooky,excluding,delightfully,even,supposing,2024-11-16
728,acknowledge,swiftly,tomatillo,transom,sate,desecrate,2024-06-09
729,provided,casement,mill,whenever,instead,whether,2024-05-07
730,meanwhile,aware,er,aw,since,wholly,2025-05-02
731,beloved,self-reliant,though,that,yearly,concerning,2024-07-08
732,mostly,short,a,authentic,curry,catalyst,2025-07-28
733,in,eek,ew,mmm,jovially,steeple,2024-12-26
734,while,teammate,imaginary,scare,apologise,guidance,2025-09-02
735,oh,eek,offensively,contrast,how,nor,2024-11-18
736,besides,annual,configuration,amongst,schedule,while,2026-02-19
737,dearly,gripper,merrily,through,uh-huh,blond,2024-04-11
738,aha,ugh,doorpost,posh,innovation,compete,2025-08-19
739,poor,about,technician,bathhouse,with,whose,2024-05-17
740,boo,ah,instantly,bicycle,stabilise,nor,2024-12-16
741,fork,measly,annually,times,suspiciously,offensively,2025-05-09
742,not,ack,baggy,curiously,observe,muffled,2025-11-30
743,warp,but,drab,hope,license,litter,2025-04-30
744,before,tenderly,fondly,necklace,whoever,bouncy,2025-09-22
745,aha,larva,now,arrogantly,contrast,avaricious,2025-07-03
746,ugh,brr,yowza,nor,overfeed,legging,2025-05-19
747,ownership,happily,considering,ill,bashfully,till,2024-05-31
748,of,proofread,book,and,worthy,solicit,2026-01-17
749,rosy,boo,where,under,pinstripe,only,2025-01-28
750,winged,thorny,aircraft,keel,for,snack,2025-05-13
751,before,instructor,kindheartedly,stack,sore,tenderly,2024-10-21
752,easy,yahoo,pish,rust,besides,incidentally,2024-09-10
753,beneath,wound,valuable,selfishly,plus,experienced,2024-03-13
754,blah,pecan,interchange,indeed,uh-huh,about,2024-06-08
755,reproachfully,battle,below,biodegradable,doorpost,since,2024-04-02
756,physically,recent,pish,onto,um,throughout,2025-05-19
757,pearl,yellowish,so,graduate,appreciate,round,2024-04-01
758,weekly,willow,yahoo,easily,feline,dandelion,2024-08-20
759,mature,via,under,whoa,meh,vainly,2024-09-19
760,insidious,costume,absent,upon,confide,queasily,2024-05-21
761,mortar,tag,flood,lecture,deceivingly,veto,2024-05-06
762,unnaturally,gastropod,subsidy,lest,brr,where,2025-08-30
763,scenario,sneak,between,ew,true,precedent,2024-05-19
764,safely,formation,drain,tinderbox,diver,reorganisation,2024-10-26
765,eternity,gee,keenly,gah,considering,incomplete,2024-09-09
766,ha,thankfully,hornet,upward,weakly,longingly,2025-09-07
767,conjecture,shear,arraign,circular,little,spattering,2025-10-22
768,teriyaki,oof,digital,queasily,kindheartedly,considering,2025-06-13
769,trained,glow,rot,legal,sanity,enthusiastically,2024-06-27
770,scuttle,unnaturally,mummify,between,than,pixellate,2025-11-25
771,per,midst,gurn,yet,afore,pish,2024-05-31
772,because,likewise,custody,before,engage,arid,2025-01-11
773,usefully,woefully,needily,sedately,gosh,vice,2025-06-17
774,aha,victoriously,voluntarily,finally,before,since,2024-04-15
775,beside,rationale,uproot,recount,pretend,quadruple,2025-04-22
776,giant,so,before,weatherize,foolishly,ceramic,2024-11-11
777,energetic,meanwhile,crackle,king,phew,than,2025-08-05
778,aircraft,tensely,inasmuch,monthly,strange,worth,2025-11-08
779,numb,who,cool,once,haze,because,2024-04-25
780,splurge,overfeed,lovingly,likewise,blaring,doubtfully,2025-10-06
781,pear,provided,jovially,considering,pike,over,2025-03-21
782,with,thankfully,so,the,bah,a,2025-06-20
783,so,jovially,plain,down,but,near,2024-05-08
784,remarkable,hubris,narrow,gosh,phooey,out,2025-03-21
785,vague,during,toward,since,elver,yuck,2025-09-26
786,equatorial,incidentally,instead,hm,proud,meh,2024-09-13
787,idle,with,ugh,border,around,than,2024-05-07
788,consign,by,gracefully,yippee,appropriate,worth,2025-05-28
789,spring,because,heating,glorious,ouch,as,2026-01-06
790,claw,pack,although,which,purse,punctually,2025-10-13
791,mostly,overcook,oh,till,towards,well-to-do,2024-08-19
792,unzip,makeover,subexpression,redress,zowie,gee,2025-12-12
793,after,vestment,satisfy,minority,jacket,oddball,2024-11-29
794,absent,secularize,CD,hole,inconsequential,ha,2024-12-18
795,at,generously,lawful,sturdy,accidentally,solemnly,2025-05-27
796,because,hourly,airman,as,blushing,than,2024-12-23
797,fervently,good,flu,recklessly,unlike,times,2025-03-28
798,derby,gadzooks,readjust,yuppify,gruesome,whose,2025-11-28
799,shrilly,sparkling,even,finally,where,when,2025-08-08
800,mmm,distant,given,from,yahoo,geez,2025-07-26
801,what,ugh,vibraphone,knuckle,lack,retrospectivity,2025-05-04
802,thankfully,nor,surprised,jell,crumble,blah,2024-07-05
803,sediment,exonerate,but,gosh,never,ew,2025-04-16
804,relative,before,until,eek,oh,hydrolyse,2024-03-25
805,round,that,scornful,astride,aha,to,2025-11-20
806,openly,grandpa,barring,bin,disbar,underneath,2025-02-26
807,with,softly,boo,prejudge,instead,yet,2025-06-24
808,ragged,fedora,psst,tough,given,regal,2025-06-29
809,provided,leading,meaningfully,kaleidoscopic,uh-huh,gigantic,2024-09-08
810,where,madly,switchboard,gastropod,insecure,shout,2026-01-21
811,commodity,lace,but,barring,disbar,instance,2024-10-16
812,wrong,wiggly,cheese,apud,circulate,stable,2026-02-15
813,bleak,although,pish,athwart,incidentally,gummy,2025-12-02
814,longboat,gadzooks,annual,winding,eek,for,2025-01-08
815,whale,modulo,why,after,glittering,redraw,2024-07-17
816,cleverly,boldly,who,furthermore,weighty,nougat,2024-04-24
817,closely,cavernous,er,if,reach,recklessly,2025-04-24
818,athwart,into,signature,validity,hm,aboard,2025-08-31
819,lava,joint,lest,adventurously,so,incidentally,2025-01-09
820,before,rewarding,extroverted,hovel,ugh,jittery,2024-12-05
821,duh,boastfully,verve,why,inconsequential,triumphantly,2026-01-12
822,ice-cream,joshingly,lest,diligently,piglet,from,2025-09-17
823,icy,pfft,quarrelsomely,meanwhile,parched,bulky,2024-12-21
824,bolster,asset,timely,instantly,gadzooks,natural,2024-11-21
825,gee,gah,speedily,about,consign,decision,2025-01-14
826,wherever,outgoing,yum,taxicab,incidentally,ah,2025-07-24
827,athwart,quicker,convoke,fleck,lovingly,severe,2024-07-24
828,bustling,er,fiercely,wretched,guilty,er,2024-03-05
829,ack,knowledgeable,nervously,diver,cram,phew,2024-12-10
830,tenant,husband,ouch,handy,unique,hm,2025-07-13
831,trench,sew,nor,well-documented,cop,firm,2025-12-10
832,potentially,geez,story,lightly,degrease,after,2025-12-10
833,seal,deeply,until,as,optimistically,polarisation,2026-02-05
834,duh,truly,negotiation,despite,spook,schedule,2024-03-09
835,phooey,quaintly,mortally,forenenst,enrage,oh,2024-04-26
836,massage,kaleidoscopic,configuration,blah,shovel,and,2025-05-15
837,worth,ah,represent,colligate,misread,colossal,2025-08-01
838,why,throughout,miserably,ah,as,inasmuch,2025-07-01
839,unique,warlike,tenderly,ew,phooey,proliferate,2025-12-10
840,scope,minion,slowly,provided,against,memorise,2024-08-02
841,hydrolyse,amidst,trusty,offset,quick,massage,2024-11-03
842,safely,pneumonia,about,upliftingly,tarry,extremely,2025-04-16
843,requite,boulevard,whose,once,soft,to,2024-10-08
844,aw,strong,since,pish,governance,cannon,2024-08-02
845,as,whereas,boohoo,thoughtfully,per,beneath,2024-04-06
846,spring,tinted,whine,compete,surge,elastic,2025-11-21
847,so,wherever,seriously,wobbly,ha,decouple,2025-03-30
848,aside,fooey,blah,apropos,rubric,wonderfully,2024-04-18
849,likewise,aboard,cease,supposing,circa,speedily,2024-02-26
850,loaf,out,around,yum,obediently,psst,2024-09-07
851,rawhide,lightly,concerning,for,even,misjudge,2024-09-05
852,edge,floss,whoa,diligently,yowza,degrease,2025-03-01
853,syringe,kiss,singing,depend,though,joshingly,2025-11-02
854,bus,victoriously,deduct,now,midst,validity,2024-05-16
855,against,so,bah,violently,bah,gruesome,2025-02-25
856,throughout,zowie,quip,hoof,lox,meh,2024-06-02
857,till,toward,generally,never,because,off,2025-05-12
858,plus,vestment,bidet,across,ugh,uh-huh,2024-06-01
859,certify,deeply,er,meh,geez,intervention,2024-03-27
860,yahoo,sunny,swiftly,thread,um,though,2024-11-16
861,given,geez,educated,actually,wisely,familiarize,2024-07-15
862,repeatedly,merit,as,qua,book,slowly,2025-07-23
863,provided,prudent,but,subexpression,defendant,given,2026-01-26
864,traduce,vivaciously,maroon,in,starboard,neatly,2025-01-29
865,shady,these,bookend,soulful,spork,circulate,2025-02-02
866,whereas,navigate,majestically,pessimistic,until,forceful,2025-05-01
867,monocle,probable,bouncy,joshingly,following,knottily,2025-10-01
868,whereas,at,oof,split,yearn,whoever,2025-06-14
869,energetically,apropos,wholly,irritably,continually,pish,2024-03-16
870,but,paintwork,oof,purse,nor,colorfully,2025-08-04
871,gosh,slake,second-hand,modulo,yippee,elevation,2025-08-28
872,turbulent,trick,sprinkles,once,formula,trivial,2024-12-04
873,same,near,where,premier,vastly,lively,2024-11-16
874,habit,egg,gosh,an,splurge,queasily,2026-02-01
875,taxicab,construe,general,circa,eek,grounded,2024-09-06
876,uh-huh,corrupt,quaintly,mismatch,lively,phew,2026-01-28
877,manner,break,supposing,from,pish,into,2025-06-06
878,triumphantly,daddy,now,damaged,gnash,readmit,2025-10-15
879,dependent,numeric,intently,finally,partridge,blowgun,2024-09-12
880,sternly,yuck,beneath,yearningly,acclaimed,rag,2025-02-27
881,simple,eek,until,viciously,stable,vainly,2025-08-30
882,though,as,incline,furlough,seriously,without,2024-09-19
883,refute,oh,surprisingly,into,except,information,2025-03-20
884,creature,geez,scaffold,honestly,but,wherever,2025-03-16
885,aside,provider,retract,spark,yowza,starboard,2025-08-02
886,after,among,coolly,wherever,hastily,psst,2025-06-26
887,or,intrepid,integer,rough,between,failing,2024-03-30
888,prohibition,pfft,reboot,inside,even,instead,2024-04-20
889,mmm,uh-huh,greatly,where,till,aha,2025-05-16
890,leading,vice,whose,wherever,banish,gracefully,2024-07-20
891,second,sand,ack,observe,altruistic,versus,2025-10-05
892,lotion,draft,wonderful,as,nor,pfft,2024-04-26
893,pace,outbid,militate,passionate,unknown,minus,2025-02-19
894,round,forenenst,onto,roughly,invite,brr,2025-02-08
895,gadzooks,apud,nearly,hm,zowie,into,2025-06-01
896,ah,soybean,energetically,behind,heartbeat,excitedly,2024-09-23
897,granular,wilderness,limp,modulo,unwelcome,director,2025-12-22
898,upright,but,if,than,scarcely,inferior,2025-07-26
899,on,how,willing,loudly,provided,until,2024-07-30
900,blah,airbus,noxious,aircraft,minus,summer,2025-12-26
901,oh,equally,pear,via,sour,woot,2025-06-11
902,attest,daily,moral,aha,until,loudly,2024-07-19
903,selfishly,pepper,cheap,fondly,snoop,wisely,2026-01-31
904,mechanically,than,modulo,youthfully,concerning,enraged,2025-02-09
905,until,vivaciously,seldom,fishery,an,trivial,2025-09-23
906,perfection,whereas,boohoo,consequently,oof,hopeful,2026-01-15
907,swiftly,outstanding,spirit,linear,since,towards,2024-09-19
908,slowly,hollow,poorly,before,sparse,veto,2025-09-26
909,indelible,before,than,offend,offend,taro,2024-04-27
910,cheerfully,pro,overdue,diligently,till,profane,2025-04-06
911,properly,suddenly,phew,insolence,per,when,2025-12-22
912,a,aw,to,interestingly,commonly,drug,2025-06-16
913,hydrolyse,anti,ouch,harangue,brightly,blacken,2026-02-01
914,whose,testimonial,oh,whoever,formula,burdensome,2024-05-31
915,hourly,phew,outgoing,honored,impeccable,hastily,2025-01-19
916,shy,along,bell,fooey,amid,eventually,2025-07-19
917,heighten,whose,triumphantly,questionably,into,however,2025-03-12
918,though,shout,warlike,fake,mmm,against,2024-04-24
919,though,truly,petal,lucky,tepid,lashes,2025-12-28
920,pear,critical,viciously,weight,plastic,wasabi,2025-01-15
921,account,bar,enlightened,meal,gah,sand,2025-12-25
922,ew,apropos,whose,chase,what,if,2024-06-13
923,skateboard,plus,halt,or,reborn,soon,2024-06-10
924,quirkily,notwithstanding,cavernous,total,essential,because,2025-07-28
925,slope,ornery,mobility,volunteer,until,during,2024-03-28
926,blowgun,yahoo,ick,expense,gee,provided,2024-12-02
927,next,blond,per,superb,innovation,afterwards,2024-09-10
928,right,corrupt,unused,geez,beret,deeply,2024-04-30
929,executor,farmer,unimportant,whenever,absent,place,2025-03-19
930,than,bashfully,whether,pile,who,mathematics,2024-08-23
931,adaptation,onto,forearm,mountain,ugh,meanwhile,2025-08-07
932,comparison,vivaciously,shinny,accountability,amid,fishery,2025-10-21
933,yesterday,following,while,splash,compromise,between,2024-06-07
934,criminal,er,meanwhile,meh,incidentally,a,2025-05-13
935,cork,below,hourly,expostulate,invite,save,2025-09-14
936,pupil,miserably,saloon,bah,fooey,infatuated,2025-07-02
937,but,confute,orange,machine,mantua,wry,2025-12-14
938,what,huff,zowie,roughly,safeguard,apologise,2025-02-12
939,pace,fork,for,formal,unearth,fortunately,2025-10-05
940,upset,drat,yippee,why,fill,beneath,2024-11-22
941,whoever,including,coolly,worse,considering,phew,2024-11-30
942,untimely,damp,juvenile,wisely,uncork,whereas,2024-11-30
943,whereas,memorise,pop,after,sit,as,2026-01-08
944,hm,crossly,as,invite,underachieve,helpfully,2025-03-17
945,respectful,stir-fry,woot,atop,happily,onto,2024-04-14
946,premier,trusty,whereas,schematise,lustrous,merrily,2025-07-14
947,ack,rigidly,demob,wheel,joyously,whenever,2025-07-30
948,status,incline,permafrost,disconnection,the,violently,2024-06-19
949,ha,whose,blah,upon,yuck,orchid,2024-11-28
950,traditionalism,witty,nor,depute,er,nervously,2024-11-30
951,conceal,tomography,provided,naturally,lest,sense,2025-05-07
952,devastation,putrefy,unless,gape,restructure,hence,2024-09-22
953,uh-huh,carefully,precedent,emulsify,towards,hoof,2026-01-19
954,exploration,boohoo,supposing,gadzooks,reflecting,league,2025-12-15
955,ornery,tenderly,versus,recompense,miserable,bashfully,2025-03-01
956,promptly,modulo,astride,perp,discontinue,optimistically,2025-08-19
957,prestigious,phooey,miskey,brr,lamp,what,2025-05-28
958,upward,descriptive,testimonial,wallop,because,generally,2024-07-04
959,edible,lock,scuffle,sweetly,whereas,surprisingly,2024-06-29
960,delightfully,axe,charm,powerfully,afore,mmm,2024-10-28
961,within,black,greedily,anticodon,whereas,dimly,2025-03-04
962,barring,after,descriptive,at,or,scholarship,2024-10-06
963,amongst,bloom,glum,brr,toward,until,2024-10-09
964,but,yahoo,proper,unethically,ugh,surprisingly,2024-04-17
965,gadzooks,evil,juicy,modulo,bleakly,rise,2024-11-09
966,lobotomise,once,whereas,among,scale,unruly,2024-10-15
967,wiggly,alarmed,diligently,royal,or,outside,2026-01-20
968,than,bah,arbitrate,behind,cap,without,2025-06-14
969,because,front,ethical,lest,because,from,2025-02-15
970,silently,decongestant,famously,redact,irresponsible,fooey,2025-09-27
971,ha,brr,publicize,pace,aboard,reassuringly,2024-05-23
972,ack,often,until,hm,underneath,beneath,2025-04-04
973,bulky,pasta,limited,little,hovel,amid,2025-10-11
974,geez,vainly,knottily,sprinkles,duh,once,2025-01-03
975,while,loose,because,nor,squid,bloom,2025-12-27
976,wherever,what,guzzle,safely,formation,redact,2024-09-18
977,minus,physically,than,supposing,stained,safe,2024-06-02
978,worth,lest,whose,nor,within,shred,2024-08-06
979,who,good,duh,vague,given,gah,2024-07-27
980,pro,bowling,drat,marathon,switch,till,2024-07-17
981,since,access,more,among,provided,narrowcast,2025-03-01
982,kiddingly,urgently,boohoo,ugh,tributary,fuel,2024-03-18
983,amid,gallivant,championship,confusion,at,trouser,2024-10-28
984,lamp,geez,slowly,unless,utilization,ride,2025-01-28
985,admonish,hm,up,um,patroller,wrongly,2025-10-04
986,version,whenever,viciously,palatable,subtract,synergy,2025-05-03
987,circumnavigate,wrongly,on,clonk,trained,per,2025-02-16
988,uh-huh,unto,oxidise,duh,weakly,from,2025-11-18
989,foolish,relaunch,tut,extra-large,ew,horst,2024-07-06
990,calculus,abnegate,where,responsibility,kissingly,react,2025-09-15
991,cauliflower,valley,bloom,carelessly,unlike,how,2025-12-13
992,exhausted,quash,geez,lovable,unlike,ugh,2024-12-21
993,whether,abaft,bah,eek,untimely,times,2025-01-29
994,pro,mostly,personalise,sleepily,reporter,idle,2026-01-03
995,astride,yippee,normal,circumference,allocation,suddenly,2024-11-07
996,futon,utterly,roughly,who,phooey,or,2025-09-17
997,sheathe,pfft,silky,barring,deceivingly,helpfully,2025-09-10
998,grouchy,till,provision,fearless,shimmering,graft,2024-10-23
999,with,blah,um,lazily,uh-huh,great,2024-06-26
1000,whitewash,hydrant,reference,calmly,settler,animated,2024-08-19
1001,gad,almost,ugh,over,extra-large,decisive,2024-03-29
1002,fooey,drum,surge,menacing,very,league,2024-06-28
1003,unless,afore,knowledgeably,scrabble,step,scar,2026-02-11
1004,mostly,what,mythology,minor,structure,popularize,2024-12-18
1005,entrench,kookily,that,horn,overspend,skean,2025-04-23
1006,opposite,restaurant,sidetrack,portray,broadly,silently,2024-05-20
1007,unless,internalize,draft,provided,helplessly,amnesty,2024-12-14
1008,custom,manage,punctually,mmm,sans,kookily,2024-05-02
1009,uh-huh,um,stigmatize,rightfully,delightfully,past,2025-03-30
1010,impure,ugh,annually,devoted,busily,cafe,2025-06-01
1011,when,phew,well-made,eminent,offensively,that,2025-05-23
1012,barring,ew,unless,off,ruddy,delectable,2024-09-08
1013,woot,helpfully,phooey,wherever,in,drat,2024-07-29
1014,through,yum,overspend,validity,cop-out,reproach,2025-06-28
1015,drat,cricket,lock,uh-huh,acclaimed,owlishly,2025-01-17
1016,before,ah,ack,till,humidity,extra-large,2024-11-04
1017,lest,modulo,forgery,hmph,madly,ah,2025-09-20
1018,vision,whenever,although,rapidly,around,exactly,2025-02-02
1019,separately,excluding,before,dowse,inwardly,incidentally,2025-10-04
1020,before,that,instead,deer,microblog,molasses,2025-03-06
1021,upset,mid,aw,sleepily,even,self-confidence,2024-10-02
1022,wallop,via,phew,papa,soybean,besides,2025-04-12
1023,whether,to,spattering,consequently,hypothesize,at,2024-08-09
1024,willfully,boo,ugh,pacemaker,beyond,calmly,2024-09-17
1025,blah,modulo,transparency,log,until,if,2024-09-21
1026,boo,shanghai,squid,versus,successfully,entry,2024-11-17
1027,knitting,squiggly,mid,safely,concrete,around,2024-05-29
1028,qua,sushi,about,transcend,worth,uh-huh,2024-12-30
1029,duh,hypothesise,what,but,which,ew,2024-06-19
1030,instead,oof,absent,since,swelter,old-fashioned,2025-05-10
1031,contrast,compromise,wasteful,zowie,than,ajar,2024-09-26
1032,whether,camouflage,righteously,never,inside,unless,2025-08-12
1033,modulo,sesame,house,aha,definitive,um,2025-05-11
1034,distinct,part,after,bashfully,before,within,2024-06-20
1035,by,interior,loosely,which,necessary,foolhardy,2024-09-09
1036,amid,gloss,pish,given,around,marathon,2024-07-17
1037,colossal,lamp,whenever,meanwhile,psst,arrogantly,2025-07-20
1038,what,depend,throughout,towards,eyeliner,preside,2024-04-25
1039,boo,parched,upbeat,bouncy,step-mother,sinful,2024-03-20
1040,weakly,censor,ouch,hydrocarbon,surprisingly,ultimately,2025-01-15
1041,ha,what,trash,geez,muffled,geez,2025-12-13
1042,except,yuck,for,fervently,dream,ah,2025-10-27
1043,aw,ew,furthermore,achieve,discontinue,down,2024-03-28
1044,grandpa,popularize,annex,ack,knowledgeably,mmm,2024-11-06
1045,pro,wealthy,round,bony,hundred,vista,2025-01-29
1046,ha,settle,blah,gleefully,ah,marketplace,2025-02-17
1047,scruple,abseil,downright,however,aw,always,2025-11-27
1048,eek,incidentally,without,violent,for,throughout,2024-12-25
1049,natural,up,attend,onto,sleepily,roughly,2025-09-03
1050,zowie,mid,urban,whenever,ajar,till,2025-05-06
1051,bitterly,quarrelsome,hastily,ew,paltry,satirise,2025-05-13
1052,electric,faithfully,solution,supposing,perfection,old-fashioned,2024-12-29
1053,who,beyond,unaccountably,yearly,ick,redress,2024-07-01
1054,nor,round,give,whereas,whenever,after,2025-05-19
1055,loose,readmit,fooey,failing,finding,excitedly,2025-03-03
1056,pish,earnest,bitterly,furthermore,huzzah,hm,2025-09-06
1057,kiddingly,unfit,dark,beep,ouch,favorable,2026-01-18
1058,rejoin,obedient,militate,mozzarella,gee,narrate,2026-02-17
1059,monthly,though,telescope,deck,bah,plain,2024-07-09
1060,bleach,which,frequent,onto,tensely,er,2024-05-25
1061,gah,waterspout,impure,wherever,delightfully,brr,2024-06-03
1062,reference,oof,lest,but,before,captain,2025-09-22
1063,knickers,imaginative,swill,nor,ill-fated,despite,2024-04-18
1064,marksman,bah,ack,against,incandescence,disgorge,2024-06-14
1065,within,devastation,uncommon,loudly,corrupt,opposite,2025-05-15
1066,striking,since,lest,antagonize,obediently,white,2025-01-18
1067,brr,below,successfully,unlucky,oof,intensely,2024-09-11
1068,before,determined,enraged,brr,wasabi,ugh,2025-06-17
1069,sometimes,fragrant,a,even,pearl,abandoned,2025-03-29
1070,mothball,ah,meanwhile,dowse,ack,austere,2025-08-04
1071,honored,ridge,colorfully,hammock,reassuringly,graft,2024-07-28
1072,override,made-up,or,or,rebound,quicker,2025-03-02
1073,exacerbate,perfectly,mask,expensive,slope,embody,2025-02-11
1074,once,hydrocarbon,as,cleverly,wonderful,transparency,2025-01-29
1075,meanwhile,fabricate,vet,bootleg,rim,know,2025-10-27
1076,restructure,slow,remark,pro,fast,pressure,2025-04-14
1077,whose,rarely,tank,pish,shoddy,concrete,2025-06-22
1078,up,hierarchy,galoshes,shrill,supposing,thick,2025-10-06
1079,foolishly,curry,geez,fooey,boohoo,practical,2024-11-21
1080,license,exterior,that,forenenst,yowza,underneath,2024-03-31
1081,suspiciously,dereference,boo,jubilant,instead,fooey,2024-12-18
1082,unripe,until,zowie,moor,hence,suspiciously,2025-04-11
1083,advanced,wheel,elderly,typeface,phooey,under,2024-10-18
1084,until,considering,thorny,experienced,urgently,blah,2025-08-04
1085,shameless,though,ew,space,unto,save,2025-07-16
1086,detective,nicely,er,utterly,noisily,attribute,2025-01-27
1087,or,peony,sushi,unique,since,ouch,2024-04-05
1088,boohoo,unfurl,yowza,and,across,afore,2025-01-27
1089,eventually,language,vastly,if,minus,favorable,2025-01-18
1090,vivaciously,unabashedly,team,actually,chops,impassioned,2026-01-05
1091,above,cross,cannon,minus,midst,across,2024-12-17
1092,bah,anenst,pfft,aw,beyond,helpfully,2025-02-17
1093,snow,whose,ugh,minus,rudely,cassava,2024-06-08
1094,midst,while,actually,sentimental,indeed,until,2025-11-21
1095,midst,boring,cease,noisily,and,how,2025-03-23
1096,bakeware,whose,finally,reproach,toward,heartbeat,2025-05-20
1097,meh,but,since,ugh,defensive,huzzah,2024-05-26
1098,eek,quadruple,reconsideration,tensely,wing,longboat,2024-11-20
1099,even,although,unaccountably,unzip,publicity,conceal,2025-04-04
1100,er,truly,scarcely,coolly,bicycle,following,2024-07-13
1101,though,mid,epic,but,unripe,kinase,2024-06-20
1102,ick,of,huzzah,pastel,after,properly,2025-06-08
1103,huzzah,when,colonialism,but,during,honesty,2025-02-22
1104,meadow,an,annual,than,defensive,trivial,2026-02-22
1105,gracefully,mmm,airbrush,freely,ecstatic,soup,2024-10-12
1106,consequently,badly,since,inveigle,impostor,disposer,2024-07-03
1107,gosh,as,rim,abnegate,inside,tenderly,2025-02-13
1108,following,qua,finally,scholarship,verbally,hence,2026-01-01
1109,whoa,saturate,cleaner,although,husband,indeed,2024-04-01
1110,until,striking,flu,uniform,coordination,forenenst,2024-04-22
1111,round,athwart,seriously,including,a,slowly,2025-12-25
1112,pulp,hopelessly,as,but,anti,throughout,2025-08-17
1113,following,abaft,tepid,woot,loudly,wear,2024-06-30
1114,more,aw,because,gadzooks,sometimes,on,2025-10-11
1115,waft,besides,evenly,pants,given,coop,2024-03-11
1116,simplistic,sunbeam,advanced,unbearably,yahoo,shovel,2024-03-02
1117,to,vamoose,lumbering,apud,drat,while,2024-02-29
1118,reboot,intellect,sizzling,implode,plus,ouch,2024-08-11
1119,guest,waver,elegantly,yowza,by,up,2025-11-07
1120,pigsty,supposing,boo,ha,whereas,beneath,2024-09-25
1121,without,mispronounce,obedient,if,brand,birth,2025-08-01
1122,gadzooks,upright,nifty,ouch,too,brook,2025-03-04
1123,rigidly,table,tempting,daddy,ew,during,2025-11-14
1124,scar,midst,beyond,handle,um,fooey,2024-08-29
1125,eventually,during,what,the,beneficial,watery,2025-10-16
1126,because,loftily,since,an,ignorant,far,2025-11-10
1127,closely,boo,however,yearningly,except,knowledgeably,2025-03-13
1128,whenever,hurtful,about,bloom,adventurously,quarrel,2025-09-07
1129,potable,so,although,psst,roundabout,avow,2025-07-21
1130,amid,etch,duh,cardboard,whoa,decongestant,2025-01-19
1131,instead,hungrily,per,wafer,puritan,what,2025-07-24
1132,gosh,by,even,confide,peter,derby,2024-08-04
1133,provider,yum,crossly,upside-down,generously,excluding,2025-02-15
1134,instead,adrenalin,cruelly,ick,by,communicate,2025-03-24
1135,entice,diagram,unscramble,bleakly,inasmuch,failing,2025-02-23
1136,frozen,blue,allocation,gosh,um,yippee,2024-03-05
1137,symbolise,even,while,provision,demonstrate,than,2024-12-16
1138,rot,utterly,lumpy,about,headline,aggravating,2025-09-08
1139,lest,damaged,seldom,rare,silent,seemingly,2024-09-08
1140,croon,except,climb,searchingly,cruel,lest,2025-04-15
1141,stay,save,experienced,vacantly,approach,till,2025-06-07
1142,total,near,following,beyond,exactly,rot,2024-08-04
1143,sometimes,testify,insignificant,bare,white,per,2025-02-06
1144,pale,release,anneal,steak,elastic,bump,2026-01-20
1145,mysteriously,extremely,where,fledgling,amongst,and,2024-10-17
1146,pepper,kielbasa,an,an,anenst,insignificant,2024-04-04
1147,since,because,trusty,boohoo,insistent,condense,2026-02-16
1148,tomorrow,sophisticated,helplessly,alarmed,excluding,integer,2024-08-06
1149,to,roundabout,weary,woot,shark,flashy,2024-07-14
1150,mmm,kiss,chase,before,yahoo,over,2024-12-07
1151,furthermore,venture,vibrant,pick,unlike,bah,2025-06-01
1152,within,once,afraid,dally,overcook,queasily,2024-11-18
1153,storyboard,clearly,shoulder,inscribe,suspiciously,versus,2024-05-16
1154,wisely,decongestant,via,cleverly,meh,between,2024-07-04
1155,outrun,bludgeon,colorless,repossess,ack,outside,2024-08-31
1156,modulo,yippee,hmph,scarcely,openly,than,2025-08-31
1157,replicate,phooey,unless,hoick,anti,mispronounce,2025-11-10
1158,fortunately,mad,forenenst,option,dimly,orchid,2024-06-15
1159,unibody,equally,overfeed,riser,webbed,than,2025-02-15
1160,zowie,times,ribbon,gadzooks,industrialize,opera,2024-08-22
1161,whenever,afore,yet,deeply,apud,beloved,2024-03-16
1162,hopelessly,oh,upon,husband,status,unless,2024-07-21
1163,attend,finally,snowplow,than,if,whose,2024-12-13
1164,baa,salty,section,phooey,firsthand,stiff,2024-09-29
1165,gladly,phew,milky,onto,promptly,aw,2024-04-17
1166,phew,inwardly,flowery,hubris,actual,overconfidently,2025-05-12
1167,noisily,than,lest,yum,only,yippee,2025-09-04
1168,conjecture,although,lampoon,worthy,veto,sushi,2025-11-06
1169,vibraphone,though,whose,achieve,while,slip,2025-09-27
1170,gah,mid,well,vibration,afore,tattered,2024-09-03
1171,when,qua,upwardly,apropos,scuffle,fantastic,2024-08-08
1172,gracious,parched,almost,vibration,yuck,slushy,2026-02-04
1173,loftily,reproach,roger,yearningly,why,nor,2025-12-20
1174,wrongly,likely,inside,lest,metabolite,although,2024-11-26
1175,aside,subsidy,lace,baptise,yuck,prestigious,2024-12-25
1176,voluntarily,limping,gah,aha,hmph,debit,2025-01-01
1177,pink,lightly,oof,circa,supposing,ill,2025-02-19
1178,meanwhile,milestone,prance,regarding,horn,squirm,2025-06-01
1179,regarding,rare,executor,dimly,vainly,wherever,2024-10-05
1180,beneath,emulsify,for,uh-huh,welcome,as,2025-11-15
1181,exhausted,fail,before,treasure,aha,overvalue,2025-03-31
1182,than,within,briskly,hoof,kiss,ha,2025-09-25
1183,merit,perfection,although,obediently,sport,leading,2025-01-24
1184,blah,illiterate,for,tuba,egg,encouragement,2024-08-31
1185,lumbering,crossly,especially,barring,unbearably,debut,2025-02-03
1186,up,ajar,agreeable,hence,abaft,hmph,2024-09-20
1187,cluttered,decide,yowza,amendment,incidentally,interchange,2025-03-17
1188,geez,healthily,mesh,instead,lest,accountability,2024-08-18
1189,likewise,acclaimed,tooth,past,characterization,triangular,2024-12-30
1190,mysterious,yahoo,in,aware,cautiously,yowza,2025-12-28
1191,appropriate,ligate,gallivant,honesty,usually,that,2024-08-25
1192,than,whose,eek,phooey,gee,whenever,2025-11-10
1193,crafty,knowledgeably,commonly,palatable,openly,highlight,2025-10-02
1194,clamp,snarling,jot,oof,object,apropos,2024-08-21
1195,self-reliant,unfortunately,which,gosh,tomorrow,abscond,2025-10-01
1196,intelligent,likely,for,ouch,hastily,correctly,2025-08-30
1197,abaft,jealously,finally,focused,sans,republican,2024-07-10
1198,brr,ew,sense,admired,mysteriously,fluctuate,2024-08-31
1199,jungle,down,aboard,dereference,once,kick,2024-10-06
1200,give,worth,through,ha,worth,penalise,2025-01-25
1201,guilty,sentimental,meh,zowie,knuckle,by,2024-11-10
1202,gosh,kindheartedly,federate,ugh,where,clean,2025-01-14
1203,tempting,times,pish,kooky,pfft,palate,2026-02-01
1204,behind,as,abnormally,ouch,foolishly,always,2025-09-29
1205,since,horst,without,ha,barring,on,2025-03-08
1206,soulful,yearningly,if,from,sun,fellow,2025-02-24
1207,past,incline,per,efface,dearly,because,2024-10-10
1208,hence,amidst,fall,iridescence,indeed,finger,2025-12-23
1209,sentimental,premier,unless,obstruct,mechanically,alive,2025-05-02
1210,squirm,tomb,avow,loudly,jaggedly,gosh,2024-07-06
1211,trial,management,incidentally,why,boo,to,2024-12-27
1212,very,because,hierarchy,judgementally,outrun,ruddy,2025-03-19
1213,wherever,athletic,black-and-white,pish,towards,loosely,2024-10-05
1214,duster,whoever,following,fuel,finally,fully,2024-06-28
1215,among,experience,gulp,legislature,perfectly,pretty,2025-12-12
1216,abseil,for,up,yum,brr,complete,2025-11-30
1217,astride,opposite,with,evil,covenant,sadly,2024-04-20
1218,drat,hoarse,king,righteously,likewise,meh,2024-04-22
1219,palatable,coolly,boohoo,grandpa,brr,so,2025-03-02
1220,aha,bob,eek,lest,yahoo,coexist,2026-01-24
1221,pish,phooey,hype,ugh,noisily,how,2024-11-28
1222,yahoo,meatloaf,likely,since,given,ferociously,2024-09-29
1223,terribly,wonderfully,since,than,illustrious,while,2024-06-21
1224,lift,inspect,notwithstanding,oof,traditionalism,heavily,2024-09-05
1225,rudely,what,misappropriate,yet,hm,why,2024-11-02
1226,cycle,beneath,haversack,amid,however,meh,2025-06-07
1227,lumbering,vacantly,garrote,avow,seriously,youthfully,2024-12-18
1228,yippee,sometimes,brightly,round,preheat,hm,2025-02-06
1229,rewrite,ew,untrue,toward,on,ugh,2025-06-19
1230,phooey,utterly,yahoo,gullible,limited,cruelty,2024-06-10
1231,rotten,with,why,provided,athwart,where,2024-05-17
1232,napkin,scarily,mmm,overburden,quaintly,than,2025-09-23
1233,spectate,whoa,warp,quaintly,pants,absent,2024-06-22
1234,gee,an,welcome,mmm,although,bell,2025-12-16
1235,yahoo,frankly,for,what,qua,elevation,2024-11-05
1236,punctually,hassle,joy,outfox,down,close,2025-12-26
1237,reopen,even,boohoo,yowza,given,tomorrow,2025-08-06
1238,scarily,minion,valuable,inquisitively,chromakey,eek,2025-01-31
1239,lumbering,so,concerning,gee,shovel,gee,2025-01-21
1240,sway,yowza,atop,cricket,nervously,softly,2025-06-14
1241,bah,ugh,apropos,scarper,pluck,frightened,2024-05-07
1242,nautical,failing,till,out,ick,aw,2024-07-05
1243,times,enfold,submissive,clavicle,nor,quickly,2025-03-11
1244,or,graceful,next,capitalize,flat,duh,2025-02-17
1245,sad,urgently,ha,if,ha,beard,2025-07-04
1246,catalog,sizzle,if,usually,kookily,frozen,2024-09-21
1247,seriously,misread,freely,chow,incandescence,oh,2024-06-02
1248,abaft,perfectly,seldom,rich,thorn,gosh,2025-01-12
1249,reluctantly,or,simple,mid,cross,ew,2025-10-09
1250,down,as,requite,before,fooey,gloom,2024-11-13
1251,except,repeatedly,screw,during,precious,able,2025-03-13
1252,scratchy,brightly,wide-eyed,so,yowza,why,2024-08-10
1253,through,indeed,ill-fated,for,than,sign,2024-03-20
1254,crest,factorize,vaguely,astride,scared,doubtfully,2025-07-01
1255,offset,under,ouch,when,supposing,sympathetically,2024-03-20
1256,until,lest,painfully,with,supposing,abaft,2024-03-17
1257,portly,dishonor,hasty,on,as,hmph,2025-09-07
1258,gee,slap,bah,corporation,upliftingly,kindly,2025-05-09
1259,besmirch,nor,excitable,grandiose,behold,greatly,2026-02-09
1260,rival,often,wherever,graffiti,than,unlike,2024-08-01
1261,woot,daintily,with,nervous,sew,as,2025-01-09
1262,juicy,instead,garage,considering,under,representation,2025-02-13
1263,who,yuck,however,very,why,an,2025-08-02
1264,nudge,yuck,the,completion,assist,lowball,2025-03-18
1265,next,uh-huh,platter,inside,cheese,truthfully,2025-04-04
1266,aching,wasabi,apropos,unzip,forenenst,monumental,2025-04-26
1267,councilman,huzzah,on,requite,hmph,ack,2024-07-31
1268,regarding,serenade,providence,friendly,hastily,symbolise,2025-12-02
1269,as,unrealistic,gazebo,tedious,inventory,availability,2025-06-12
1270,phew,pish,bob,partridge,lashes,obedient,2024-04-24
1271,insecure,earnest,wilt,aside,glider,boastfully,2025-03-07
1272,gah,insist,whoa,hm,unless,boohoo,2024-03-23
1273,whose,drug,colossal,while,fooey,with,2024-11-04
1274,like,until,about,yesterday,godfather,what,2024-09-27
1275,pave,sleepily,hm,hot,unabashedly,heavily,2025-06-06
1276,hence,whose,when,yak,hateful,outlaw,2024-03-05
1277,inasmuch,likable,pfft,arrogantly,blaspheme,tough,2025-05-31
1278,why,mozzarella,fragrant,cemetery,because,which,2024-10-13
1279,metallic,youthfully,paintwork,regarding,willing,why,2025-01-23
1280,superb,overconfidently,lawmaker,broadly,wedding,essential,2025-07-15
1281,that,similar,supposing,baptise,ick,those,2025-05-02
1282,victoriously,integer,more,duh,outside,er,2025-12-01
1283,overfeed,sweetly,pish,guilty,shimmering,among,2025-09-27
1284,transom,negotiation,oof,corral,up,wound,2025-02-23
1285,rural,while,diligently,boohoo,edible,neaten,2024-08-26
1286,infamous,nearly,uh-huh,jovially,extension,huzzah,2024-04-13
1287,considering,whoever,once,absent,once,store,2024-03-31
1288,usable,till,freely,ah,save,usefully,2024-08-16
1289,interviewer,ouch,since,thorn,muscat,furthermore,2025-08-07
1290,sharply,boo,oof,wiggly,carouse,as,2025-06-28
1291,yuck,inasmuch,fat,greedily,excepting,whoever,2025-07-06
1292,oof,less,grounded,representation,evil,livid,2024-04-14
1293,separately,energetically,yogurt,grandson,championship,including,2024-09-07
1294,among,house,braid,equally,frugal,unkempt,2025-02-07
1295,incidentally,noisily,broadly,whoever,scale,now,2025-04-13
1296,lively,linear,for,godfather,whine,though,2025-03-02
1297,provided,furthermore,what,alienated,ew,whether,2024-03-10
1298,accompany,bide,connect,ugh,brr,fax,2025-03-18
1299,outsource,aside,than,than,immediate,exactly,2024-04-10
1300,aboard,oof,whenever,hygienic,supposing,disposer,2025-11-17
1301,why,accept,once,tribe,subsidy,neatly,2025-10-28
1302,provided,which,till,provided,round,boohoo,2025-06-23
1303,table,fun,uh-huh,or,relaunch,ethyl,2024-10-06
1304,onto,yowza,with,fully,bog,furthermore,2024-03-12
1305,separately,row,kowtow,how,now,quick,2025-04-12
1306,flowery,questionably,readjust,apricot,psst,so,2025-07-05
1307,mammoth,scowl,prickly,regularly,foodstuffs,towards,2025-10-08
1308,beneath,how,formal,culture,rundown,judicious,2025-12-12
1309,intent,near,mediocre,by,destock,trash,2024-08-12
1310,unless,kindly,oof,dereference,holster,mixture,2025-07-09
1311,advanced,qualified,telescope,competent,from,grade,2024-09-12
1312,opposite,recent,meh,incomplete,hm,gadzooks,2025-02-12
1313,scout,intermarry,vice,insist,following,sleepy,2024-12-06
1314,roundabout,hm,hourly,almost,posh,whenever,2025-01-16
1315,ha,ack,apud,ugh,recklessly,instead,2024-03-12
1316,oh,but,against,criminal,how,sermon,2024-05-23
1317,likewise,wherever,toady,phooey,parade,fort,2024-07-03
1318,brr,fooey,whirlwind,when,considering,before,2024-07-03
1319,yahoo,insolence,divine,oh,urgently,favorable,2024-05-03
1320,implode,while,hypothesize,willfully,whether,zowie,2025-01-17
1321,anti,cleaner,parallel,kookily,in,blaspheme,2024-12-25
1322,above,fog,amount,wicked,longboat,er,2024-06-21
1323,searchingly,sticker,fine,vary,phooey,ice-cream,2024-03-07
1324,at,readjust,next,eggplant,onto,sometimes,2025-10-06
1325,with,legislature,ugh,fumigate,blindly,outdo,2025-10-11
1326,off,seldom,unwieldy,parsnip,far,whereas,2025-08-05
1327,while,front,lava,satisfy,readies,different,2025-03-11
1328,likewise,outfit,pry,ah,until,eek,2025-09-24
1329,meh,well,whose,above,supposing,or,2025-04-30
1330,wide,why,overwork,modulo,platypus,oddball,2025-11-01
1331,inscribe,flashy,lest,reasonable,hunger,on,2024-04-16
1332,slowly,gee,instructor,hence,function,woot,2024-04-07
1333,forenenst,phooey,every,deduction,next,aw,2026-01-01
1334,whenever,nervously,ugh,yowza,before,monumental,2025-04-18
1335,because,since,madly,but,inconsequential,even,2026-02-10
1336,though,hexagon,among,import,imaginary,yuck,2025-12-19
1337,thread,rosemary,beneath,toaster,without,mentor,2024-04-23
1338,phooey,athwart,hospitalization,majestically,tender,only,2024-06-25
1339,quietly,indeed,for,frantically,often,fashion,2024-09-06
1340,moor,till,fooey,bossy,self-confidence,why,2024-06-30
1341,outset,yuck,submitter,after,fatally,fine,2024-03-13
1342,shy,so,bleach,boastfully,department,apologise,2024-12-20
1343,hoick,refute,blight,beside,whoa,now,2024-05-03
1344,when,lone,monster,hope,weary,indeed,2026-01-21
1345,bleach,submitter,vol,brown,before,wildly,2025-02-21
1346,snowplow,until,junior,lack,what,transcend,2024-12-16
1347,woot,internalize,shell,eek,down,quart,2024-11-23
1348,daily,against,perfectly,quick,drowse,tepid,2025-01-14
1349,chilly,seafood,considering,gah,psst,anenst,2025-09-08
1350,furthermore,outrageous,birdbath,how,mid,quirkily,2025-10-20
1351,lawmaker,to,frozen,as,inconsequential,given,2024-08-01
1352,enchanted,as,separately,throughout,inasmuch,exhaust,2025-12-08
1353,fall,save,premium,sedately,blah,usable,2025-05-23
1354,oof,pants,phew,amidst,now,notwithstanding,2025-02-04
1355,until,unsteady,vice,whether,wee,overvalue,2024-08-19
1356,ick,ascertain,front,despite,obligation,requite,2024-10-07
1357,arbitrate,confused,euphonium,ew,safely,smoke,2024-03-20
1358,beep,oh,pushy,yum,because,shabby,2024-09-30
1359,vet,qua,chilly,key,under,out,2025-05-11
1360,ha,till,throughout,peony,at,amid,2024-03-09
1361,hurtful,worth,hm,whoever,worthless,coolly,2024-11-10
1362,youthfully,radiant,thyme,glider,yum,yowza,2024-04-12
1363,angelic,bah,distorted,masculinize,embody,via,2024-03-31
1364,within,hence,jaywalk,absentmindedly,doubtfully,disk,2024-05-19
1365,yet,forearm,near,stabilise,backburn,strictly,2025-03-07
1366,round,lava,electrify,violently,singe,agreeable,2025-03-31
1367,vacantly,ack,hoarse,rebuff,yippee,though,2025-01-25
1368,considering,postbox,inure,table,obedience,incline,2024-09-04
1369,whether,academics,flood,yuck,tenderly,whenever,2025-06-09
1370,quarterly,corral,inquisitively,ouch,yet,what,2025-03-10
1371,er,stigmatize,probable,aha,woot,underneath,2025-06-19
1372,apud,enormously,above,above,likewise,sunbeam,2025-11-23
1373,whose,incidentally,interesting,fireplace,overcook,defiantly,2025-07-09
1374,um,convoke,hm,pish,than,till,2024-07-26
1375,that,after,duh,vast,muddy,trim,2025-05-30
1376,spook,finally,hence,pip,angelic,er,2024-10-01
1377,travel,ouch,pacemaker,embed,merrily,bleach,2025-10-11
1378,whether,regarding,huzzah,regulate,vaguely,carboxyl,2025-06-29
1379,acidly,gosh,yum,uh-huh,bobble,gah,2024-06-22
1380,focalise,without,why,onto,phooey,for,2024-07-04
1381,provided,before,spear,imaginary,in-joke,notarize,2026-02-14
1382,until,elegantly,defendant,attribute,optimal,hard-to-find,2025-05-07
1383,populist,crowded,hence,knowledgeably,leading,blah,2025-03-10
1384,gift,marksman,tensely,meanwhile,scruple,quizzically,2025-08-23
1385,feather,negotiation,daily,congregate,anti,analogy,2025-11-26
1386,yippee,pixellate,tame,but,unnaturally,coal,2025-07-24
1387,woot,as,brief,fervently,whenever,diver,2025-08-01
1388,throughout,exempt,coincide,quicker,instead,when,2024-03-22
1389,brilliant,opposite,hunger,cleverly,every,per,2024-03-06
1390,beret,pearl,outside,save,boo,unwilling,2026-02-08
1391,vary,aboard,scuffle,aside,rosy,galoshes,2024-06-17
1392,when,lest,potentially,outrun,velvety,pish,2025-06-29
1393,graffiti,sharply,conjecture,inure,zowie,vanish,2025-04-11
1394,uh-huh,subtract,abaft,disapprove,blah,geez,2024-12-13
1395,bench,um,abaft,notwithstanding,oh,mid,2024-08-06
1396,deafening,devastation,unless,volunteer,readjust,haunting,2025-05-20
1397,eke,writhing,than,pessimistic,ick,whoa,2024-09-10
1398,swim,aw,nocturnal,providence,minus,when,2024-07-25
1399,rare,backbone,yippee,who,after,importance,2025-09-21
1400,violently,enraged,after,murky,yowza,step,2024-04-02
1401,zen,wisely,sternly,yowza,innocently,indeed,2024-05-09
1402,boohoo,presume,indeed,whether,briefly,before,2025-10-04
1403,uh-huh,yahoo,bah,or,near,favorable,2026-02-06
1404,alienated,vengeful,acknowledge,license,into,properly,2024-10-07
1405,recommendation,whereas,instead,how,drat,next,2024-06-01
1406,a,deer,supposing,starboard,meh,whereas,2025-01-07
1407,doubtfully,than,now,plus,unless,guilty,2024-07-01
1408,oxygenate,plus,the,outgoing,indeed,bah,2025-11-15
1409,terraform,warmhearted,masterpiece,duh,supposing,nudge,2024-04-09
1410,however,eminent,whether,volunteer,urgently,anneal,2025-11-26
1411,simple,sugary,pear,blah,on,amused,2024-07-28
1412,aftermath,now,junior,failing,availability,lotion,2025-03-13
1413,converse,furthermore,wrathful,cone,criminal,what,2025-09-04
1414,thin,slowly,ugh,monster,elver,with,2025-07-05
1415,judgementally,qua,reproachfully,whoa,smart,rudely,2024-12-20
1416,vaguely,glisten,lest,dreamily,glittering,unlike,2025-06-01
1417,right,wicked,lively,spirit,sushi,gum,2025-07-25
1418,hence,as,innovate,meager,furiously,loaf,2024-07-17
1419,yahoo,horse,fax,fooey,meanwhile,harp,2025-02-03
1420,apropos,ugh,foot,coaxingly,weight,extension,2024-12-18
1421,gah,ridge,rot,fun,whup,although,2024-12-28
1422,early,clone,brr,but,inspection,weighty,2025-12-20
1423,brr,stiff,after,smoothly,although,although,2025-11-17
1424,next,incidentally,vast,whenever,blah,until,2025-03-18
1425,likely,reschedule,zowie,phew,reconsideration,rectangular,2025-05-26
1426,strictly,viciously,throughout,solvency,manner,incidentally,2025-03-11
1427,an,gleefully,who,than,next,black-and-white,2024-03-09
1428,zowie,consequently,rightfully,vary,optimal,where,2024-11-20
1429,as,notarize,muddy,preregister,boo,gah,2025-08-05
1430,favorable,deliberately,economise,whoever,and,caring,2024-09-04
1431,showboat,through,austere,bestride,pacemaker,close,2026-02-10
1432,if,far-off,ick,masquerade,so,pish,2025-07-24
1433,inasmuch,sarcastic,phooey,pitiful,outset,bump,2025-08-28
1434,astride,mountain,afore,remarkable,swath,interestingly,2025-03-19
1435,till,yak,gee,never,blah,meh,2026-01-30
1436,for,indeed,tenderly,yum,peaceful,very,2024-10-27
1437,in-joke,irk,ouch,cone,amid,thump,2024-07-19
1438,whenever,oh,sore,um,however,painfully,2025-01-14
1439,buck,gosh,log,separately,grass,because,2025-09-26
1440,through,lightly,dwell,gah,aha,barring,2025-08-12
1441,who,pop,per,after,championship,traffic,2025-11-13
1442,barring,unzip,gloss,adviser,ill-fated,lonely,2025-02-02
1443,ick,boo,official,as,irritably,strictly,2025-02-01
1444,worst,since,reassuringly,cow,lest,strict,2025-12-19
1445,in,anti,harmful,vanish,atop,gadzooks,2025-10-17
1446,yippee,openly,quick,fooey,railway,knavishly,2025-01-30
1447,because,shabby,even,absent,tidy,bleakly,2024-05-19
1448,likewise,awkwardly,genuine,yawningly,loose,following,2025-12-27
1449,yieldingly,barge,yum,yuck,fictionalize,really,2025-07-07
1450,ack,divine,napkin,cheap,outside,hm,2025-07-14
1451,ouch,how,acceptable,modulo,queasy,incidentally,2025-05-11
1452,monasticism,loftily,dutiful,redound,out,ample,2026-01-29
1453,closely,horn,how,aha,consistency,despite,2025-02-04
1454,to,modulo,svelte,memorable,too,pfft,2026-01-20
1455,in,waterspout,disloyal,frilly,tremendously,abseil,2024-10-08
1456,save,obnoxiously,hypothesize,vivid,sleepily,fat,2025-11-16
1457,formation,thoughtfully,consequently,sans,nor,humidity,2025-06-14
1458,search,whose,cemetery,banish,object,unrealistic,2025-05-16
1459,qua,apud,overconfidently,airman,elver,brr,2025-06-15
1460,although,bah,well-groomed,up,er,searchingly,2024-08-29
1461,curiously,keenly,dally,bitter,necessary,superior,2025-01-31
1462,store,operating,ouch,outside,mmm,voluntarily,2025-12-24
1463,bar,misjudge,yippee,excepting,abnormally,deliberately,2025-06-09
1464,fuzzy,runny,even,off,beneath,readily,2024-12-20
1465,phew,excitedly,pro,geez,angrily,inasmuch,2025-04-24
1466,exasperation,procrastinate,lest,madly,curse,whopping,2024-04-04
1467,log,righteously,despite,display,loftily,save,2025-06-01
1468,outlaw,whereas,drat,youthfully,spook,fat,2024-03-29
1469,bar,surprisingly,excited,more,vibration,out,2024-12-06
1470,account,print,present,wrongly,after,eek,2024-03-23
1471,reward,yuck,phooey,if,cuckoo,beret,2024-06-07
1472,self-assured,from,as,wearily,cleaner,nucleotidase,2026-02-11
1473,consign,sadly,anxiously,digital,abaft,anxiously,2025-09-22
1474,casement,but,following,till,triumphantly,lest,2025-07-10
1475,smug,progress,importance,at,amongst,though,2025-04-07
1476,tabletop,nor,between,outrank,spirit,twist,2025-06-26
1477,certainly,nor,pro,extremely,adjudge,enrage,2025-11-19
1478,tenant,since,drat,than,though,when,2025-10-11
1479,frequent,litter,for,chiffonier,fraudster,baa,2024-03-25
1480,unexpectedly,mixed,across,second-hand,weary,out,2025-07-04
1481,following,kookily,once,whenever,although,train,2025-09-09
1482,pick,oh,although,instead,uh-huh,tall,2024-04-19
1483,why,before,painfully,chatter,ponder,tooth,2026-01-20
1484,gadzooks,boohoo,around,lazily,unaccountably,longboat,2025-06-25
1485,squiggly,mid,afterwards,incidentally,lest,belabor,2025-05-05
1486,circa,shudder,interviewer,merrily,however,brr,2025-10-12
1487,terraform,spectacles,blah,weakly,ironclad,dampen,2025-10-29
1488,between,baggy,clamor,sway,yuck,lowball,2025-06-01
1489,pfft,reboot,enthusiastically,notwithstanding,helpful,airline,2025-06-16
1490,yuck,woot,hm,um,tomography,unto,2025-04-18
1491,ugh,engender,innocently,woot,superficial,whoa,2025-06-12
1492,necklace,scale,valiantly,huff,pacemaker,after,2024-03-08
1493,hornet,flawed,however,instead,onset,whoa,2025-05-27
1494,monthly,scoff,precedent,knavishly,ornery,drat,2025-12-03
1495,thread,so,healthily,boohoo,after,reconsideration,2025-04-06
1496,eek,qua,casement,that,smog,terribly,2024-07-13
1497,legend,blossom,outside,kindheartedly,psst,able,2025-03-29
1498,scholarship,overload,needily,evenly,new,informal,2025-02-02
1499,rectangular,fraternise,crest,times,outset,another,2024-12-08
1500,immediately,ouch,without,ha,woot,spiteful,2025-10-06
1501,zowie,upliftingly,into,beneath,rue,across,2025-09-26
1502,commodity,wavy,reach,furthermore,between,ethical,2024-03-17
1503,sheepishly,widow,strange,livid,correctly,elegant,2025-01-03
1504,fantastic,eek,mobilize,down,pointless,affect,2025-11-30
1505,ugh,excitedly,yet,rubric,going,carefree,2024-03-17
1506,hunt,educated,commodity,towards,reiterate,deceivingly,2025-11-19
1507,hourly,wrongly,swathe,psst,as,bleach,2024-03-24
1508,great,scornful,pleasant,westernise,knitting,gadzooks,2024-04-05
1509,willow,however,tomorrow,ack,interior,condense,2024-12-10
1510,when,dimly,sesame,inwardly,alb,toward,2026-01-29
1511,yawningly,consequently,smarten,tune,deck,lightly,2025-06-09
1512,via,lean,summary,determined,knottily,beneath,2025-11-17
1513,underneath,freely,modulo,strictly,unless,slather,2025-03-15
1514,stiffen,inside,whose,poorly,saloon,capitalize,2024-05-29
1515,duh,for,lest,gasp,whose,blink,2025-01-29
1516,off,although,towards,voluntarily,following,midst,2024-12-07
1517,challenge,before,handful,indeed,anaesthetise,out,2024-04-04
1518,amongst,up,monstrous,nervous,yowza,buzzing,2024-05-03
1519,shout,but,browse,wherever,doorpost,miserably,2024-02-25
1520,wiggly,aha,apropos,paltry,narrowcast,whereas,2024-08-17
1521,yet,sharply,supposing,considering,that,decode,2025-04-01
1522,unto,shout,enhance,huzzah,incline,beside,2024-09-09
1523,oh,among,navigate,yet,rosemary,now,2026-02-01
1524,ick,provided,sophisticated,abnormally,sarcastic,descriptive,2025-05-30
1525,considering,furthermore,daily,outlandish,immediately,tectonics,2024-09-13
1526,generally,nor,royal,anti,smoothly,rebound,2025-12-06
1527,dish,supposing,ah,whenever,mmm,blowgun,2024-08-05
1528,inwardly,legitimize,revoke,hierarchy,executor,easy,2025-03-29
1529,step-mother,glisten,hm,until,athwart,reference,2025-09-09
1530,shimmering,oof,drat,absent,daily,leading,2025-05-24
1531,collaboration,chops,deplore,vacation,beside,lightly,2024-06-08
1532,because,wherever,ravel,worthy,noisily,whereas,2025-01-22
1533,badly,like,atop,obscure,if,split,2025-11-16
1534,overcooked,unfortunately,noxious,against,ha,tightly,2024-07-07
1535,athwart,wry,boohoo,thoroughly,mortar,since,2024-04-23
1536,viability,pity,horst,an,whereas,meanwhile,2024-03-10
1537,among,per,summary,whether,wasabi,midst,2025-11-25
1538,till,hateful,woefully,sand,circa,subtract,2026-01-27
1539,ouch,below,although,beautifully,closely,debit,2024-03-15
1540,fence,whoa,plus,boo,forenenst,reassuringly,2024-05-20
1541,after,right,wheel,gracefully,thankfully,bid,2025-07-10
1542,soon,eek,deceivingly,smooth,elevation,minus,2025-04-02
1543,travel,consequently,when,bracelet,now,gerbil,2024-11-10
1544,geez,authorized,lest,from,but,priesthood,2026-01-23
1545,unethically,annually,scale,instantly,supposing,once,2024-08-01
1546,excepting,up,magnetize,gah,indeed,forenenst,2025-03-17
1547,seal,whereas,vivacious,likewise,crossly,giggle,2024-08-22
1548,boohoo,in,disappointment,unhealthy,typify,hunger,2024-04-26
1549,countess,optimal,iterate,drat,onto,whose,2025-02-18
1550,CD,oof,putrid,loudly,inwardly,so,2025-02-19
1551,insolence,briefly,affectionate,hence,sandy,pfft,2025-10-05
1552,capsize,seal,minus,valley,um,decongestant,2025-12-12
1553,brave,circa,bewail,yippee,backburn,far,2025-07-18
1554,without,out,which,unfreeze,broken,even,2025-06-13
1555,parody,gah,apropos,on,guzzle,whether,2025-06-14
1556,famously,what,nautical,worriedly,generously,apud,2025-04-16
1557,gee,toothpick,who,apparatus,pfft,blue,2025-12-30
1558,which,while,dandelion,whine,psst,gleefully,2024-04-22
1559,silky,hourly,wildly,enfold,ugly,underachieve,2024-09-03
1560,deduction,statue,when,oof,upon,a,2024-10-06
1561,ha,why,if,along,bicycle,psst,2026-01-29
1562,overstay,cute,adventurously,wherever,fort,onto,2025-01-13
1563,lyre,alongside,as,hammock,between,er,2025-06-16
1564,guest,ha,upon,except,bah,issue,2024-11-19
1565,upbeat,director,amidst,um,astonishing,airbus,2025-06-25
1566,ferociously,majestically,snow,oh,before,circular,2025-05-11
1567,inventory,tame,aha,readjust,ah,upon,2024-03-23
1568,minty,hot,inasmuch,those,hmph,gasp,2024-08-10
1569,somber,as,augment,mysterious,another,till,2024-08-11
1570,accidentally,meh,refer,gadzooks,inside,since,2026-01-18
1571,provided,bitterly,of,fooey,apropos,stack,2024-11-24
1572,executor,tame,newsstand,so,pfft,scope,2026-02-03
1573,gee,an,woot,loyally,what,affect,2025-08-18
1574,dead,quintuple,that,terrorise,likewise,what,2024-08-07
1575,as,sleepily,meh,interestingly,hourly,fast,2025-02-28
1576,cautiously,oh,once,finally,pertinent,apropos,2024-10-21
1577,vainly,greedily,barring,improbable,annually,beyond,2024-09-29
1578,around,nor,though,phooey,knowledgeably,ha,2025-05-26
1579,rough,except,respectful,left,circa,aha,2024-10-07
1580,steak,within,colorfully,qua,mainstream,gray,2024-08-06
1581,sugary,scamper,whoever,promptly,lest,comparison,2025-02-12
1582,yum,selfishly,merit,rotating,gadzooks,into,2024-09-05
1583,midst,boo,phooey,ugh,swing,hmph,2024-07-07
1584,since,nor,yowza,upright,settle,though,2024-04-13
1585,thoughtfully,overcooked,developing,mosh,meh,hungry,2025-04-26
1586,wisely,enraged,anenst,excepting,shabby,shoulder,2024-08-06
1587,starch,when,whistle,annually,apud,drat,2025-05-07
1588,far,thoughtfully,underneath,endow,instruction,abaft,2025-07-03
1589,why,sans,beyond,quietly,huzzah,fair,2025-02-11
1590,anticodon,courageous,though,throbbing,eke,blah,2024-06-01
1591,vaguely,enormously,pace,boohoo,anti,huzzah,2026-01-16
1592,godparent,lest,except,before,hundred,boss,2024-07-28
1593,junior,mindless,well,utter,towards,likewise,2025-06-07
1594,towards,deduction,which,suspiciously,fumigate,micromanage,2025-10-07
1595,clonk,odd,woot,bobble,wide-eyed,porter,2025-06-26
1596,dead,commemorate,reproachfully,unkempt,reconsideration,round,2025-10-25
1597,gah,um,dearly,and,yum,till,2024-08-04
1598,question,qua,quietly,uh-huh,an,immediate,2024-03-04
1599,nudge,entry,extremely,airbrush,adventurously,among,2024-04-26
1600,trash,carefully,phew,as,and,fooey,2024-03-06
1601,giving,although,repossess,prime,since,front,2024-07-27
1602,unabashedly,muddy,ah,delight,accelerator,too,2025-12-30
1603,old-fashioned,jealously,airport,hmph,but,absentmindedly,2025-06-17
1604,avalanche,fairly,whoa,clamour,whoa,inasmuch,2026-02-14
1605,despite,hourly,spirited,whoever,physically,minister,2024-07-21
1606,railway,obediently,aha,underneath,squirm,selfishly,2025-09-29
1607,sunny,blah,beard,um,trek,nougat,2025-03-14
1608,wasteful,like,explode,gulp,haversack,sniveling,2024-08-23
1609,hovel,millet,madly,for,openly,lest,2025-05-28
1610,knowingly,gosh,consequently,wherever,lobster,denitrify,2024-12-29
1611,wide-eyed,questionable,tuxedo,hm,godfather,covenant,2025-05-06
1612,intent,that,zealous,redact,duh,ride,2024-04-21
1613,urgently,punctually,blindly,acquire,ultimate,gah,2025-05-13
1614,disconnection,gee,grandiose,unless,experience,spice,2024-04-19
1615,now,cardboard,wherever,wearily,obnoxiously,industrialize,2025-08-22
1616,ugh,shell,tenderly,peaceful,makeover,forenenst,2025-09-18
1617,corny,forenenst,bah,liberalize,before,pressure,2025-12-07
1618,inside,ragged,playfully,at,bashfully,hmph,2025-01-09
1619,mealy,ick,upward,shell,a,finally,2025-09-22
1620,ew,among,unnecessarily,hygienic,underachieve,um,2024-03-09
1621,astride,excluding,boohoo,display,strictly,how,2024-05-06
1622,competent,customise,traffic,uh-huh,concerning,barring,2025-05-06
1623,sardonic,accredit,or,yahoo,pantyhose,including,2025-01-03
1624,boohoo,fantastic,obscure,phooey,selfishly,amid,2025-04-24
1625,till,nor,regarding,ha,furiously,er,2024-11-01
1626,bourgeoisie,naughty,quaintly,as,yippee,athwart,2025-01-18
1627,pike,adventurously,ugh,marathon,cross,drab,2025-02-25
1628,more,lace,astride,gracefully,consequently,sore,2025-11-02
1629,relieve,phew,er,summary,gastropod,underpants,2024-08-06
1630,bah,throbbing,anti,unless,finally,sanity,2025-02-03
1631,reach,following,zowie,near,likewise,intent,2025-08-04
1632,huddle,weakly,boo,elegantly,whoa,rationalise,2025-08-11
1633,hmph,hierarchy,properly,fully,upright,gosh,2024-11-19
1634,shiny,reproachfully,march,unit,aha,brr,2025-12-06
1635,qua,discontinue,gee,during,newsprint,minus,2025-01-12
1636,atop,flowery,authentic,before,corral,soulful,2024-11-15
1637,import,concrete,wholly,consign,genuine,grouchy,2024-12-16
1638,proselytise,meaningfully,rarely,anti,bleak,beside,2024-10-04
1639,though,ceramic,plastic,although,entice,obediently,2025-04-26
1640,instantly,reprove,brr,sequester,beyond,nautical,2024-06-09
1641,throbbing,meh,so,swath,although,with,2024-03-30
1642,hundred,popularity,sternly,delightfully,granny,jive,2025-02-01
1643,toward,witty,yowza,huzzah,mixture,internal,2026-02-16
1644,catalyst,innocently,tensely,psst,yuck,ick,2025-12-25
1645,that,instead,coexist,dearly,yum,wisecrack,2024-11-18
1646,any,grandpa,ah,quickly,fellow,ack,2024-03-01
1647,intermesh,kinase,railway,failing,secularize,worthy,2024-04-07
1648,mobilize,polite,despite,appropriate,sunbeam,youthfully,2025-09-17
1649,gently,casket,supposing,and,crystallize,railway,2024-04-27
1650,however,concerning,giving,closely,for,evenly,2024-12-23
1651,jeopardise,petty,meaty,self-assured,silt,kooky,2024-10-11
1652,almighty,deceivingly,but,hyena,well-groomed,oh,2025-08-12
1653,who,saturate,thorn,quadruple,since,scoop,2025-07-20
1654,irk,simple,acknowledge,noted,poorly,meh,2025-05-24
1655,lifestyle,knowledgeably,badly,recommendation,gee,yet,2025-08-14
1656,duh,highly,flimsy,about,scale,while,2026-01-16
1657,rigid,genuine,boohoo,jovially,hassle,minus,2024-06-23
1658,legislature,blend,excitedly,besmirch,secondary,unlawful,2025-07-19
1659,technician,bitter,up,grounded,unless,contravene,2024-05-28
1660,brr,vacation,wherever,trolley,fondly,that,2026-02-10
1661,sleepily,scruple,exactly,among,fiercely,geez,2025-01-13
1662,yowza,graduate,awkwardly,gasp,technologist,quiet,2024-06-03
1663,recede,pish,follower,lively,finally,possible,2024-07-31
1664,recklessly,apud,yuck,helpful,shaft,phew,2024-10-28
1665,greedy,ouch,swat,foot,ordinary,beyond,2024-02-25
1666,plait,aboard,window,or,darling,gah,2024-11-16
1667,ack,till,likewise,rule,instead,ah,2025-06-12
1668,classic,afore,oh,ick,prance,beloved,2024-05-22
1669,the,between,loose,urban,lavish,monasticism,2025-09-22
1670,lender,even,reel,dutiful,wearily,zowie,2025-05-25
1671,custom,chiffonier,and,store,beyond,structure,2025-06-15
1672,since,freely,decode,however,importance,barring,2025-05-08
1673,nervously,reassuringly,whoa,woot,optimistically,incidentally,2025-12-06
1674,bah,jumbo,overconfidently,ugh,soupy,affectionate,2024-10-25
1675,qua,scarily,charlatan,store,now,eek,2024-12-08
1676,thankfully,sharply,curry,yowza,along,extremely,2026-02-22
1677,cautiously,speedily,oof,thyme,frilly,outside,2024-06-19
1678,frizzy,ew,print,although,neighboring,under,2025-09-19
1679,unlike,sociable,seemingly,sweetly,but,trained,2025-05-31
1680,at,toward,behind,though,stay,mmm,2024-04-19
1681,unfurl,all,duh,unwilling,with,how,2025-07-21
1682,waver,farmer,goodwill,instead,veto,misfire,2024-11-16
1683,serpentine,delightfully,nervously,forsaken,hence,mmm,2025-08-29
1684,elegantly,excitedly,solidly,vaguely,neglected,given,2025-12-10
1685,vainly,growing,annual,handy,narrate,past,2024-09-24
1686,entire,affectionate,for,amid,across,misappropriate,2025-06-06
1687,sew,over,vastly,table,irritably,shaft,2025-09-02
1688,hastily,pigpen,before,provided,ack,before,2026-02-06
1689,howl,unlike,swing,for,while,typeface,2024-05-03
1690,at,neighboring,considering,circa,kick,traduce,2025-12-17
1691,yippee,after,militate,pointless,impact,inwardly,2025-03-10
1692,well,out,compete,pulse,duh,remark,2025-12-23
1693,spherical,broadly,till,duh,tarragon,after,2025-06-22
1694,likewise,supposing,divert,heavily,shell,promptly,2025-07-28
1695,dark,longboat,mean,yahoo,patiently,as,2024-05-01
1696,unfortunate,injunction,mountain,hoarse,ha,retention,2025-06-14
1697,boohoo,pace,internalize,phooey,needily,ceramic,2024-12-05
1698,intensely,phooey,meanwhile,before,yippee,brochure,2025-01-07
1699,bah,wisely,assail,trustworthy,excluding,imagineer,2024-12-22
1700,deficient,effector,tectonics,ha,or,embody,2024-05-07
1701,snoopy,reprimand,dependable,near,writ,whose,2024-10-17
1702,when,hence,honorable,surprisingly,gah,mmm,2024-08-03
1703,simple,emerge,generously,as,dependency,asset,2025-10-24
1704,hmph,until,zowie,knight,anneal,uh-huh,2024-09-11
1705,whereas,ack,adviser,blue,rapid,aw,2024-07-24
1706,tame,prioritize,obligation,meh,atop,once,2025-12-14
1707,duh,atop,median,unexpectedly,cooperative,sans,2024-10-23
1708,behind,pale,vivaciously,bravely,gah,blind,2026-02-09
1709,kindheartedly,uncork,once,until,so,trusting,2025-07-07
1710,brightly,continually,inside,from,unless,crossly,2024-06-14
1711,memorable,well-worn,after,shakily,than,political,2024-04-18
1712,rectangular,pear,edge,legal,whose,amend,2025-04-15
1713,remand,provision,upwardly,hmph,clinch,yuck,2024-06-01
1714,yum,mmm,unfortunately,cafe,nor,strait,2025-07-10
1715,deflect,behind,self-confidence,mozzarella,around,decode,2024-06-22
1716,gadzooks,gee,as,brr,jealously,finally,2025-12-08
1717,deduction,lawful,fooey,before,warm,rapidly,2025-08-02
1718,geez,ample,coil,between,aha,oof,2025-07-30
1719,recount,silently,provision,under,oof,sharply,2024-05-20
1720,gloat,yesterday,armoire,but,separately,dereference,2024-07-23
1721,brr,blissfully,er,armchair,treasure,sizzle,2024-08-13
1722,apud,although,er,pear,yieldingly,elegantly,2026-02-09
1723,derby,begonia,overstay,sunbathe,physically,than,2025-10-16
1724,however,minus,into,smuggle,willfully,fun,2024-11-19
1725,until,considering,insist,but,lovely,amid,2025-07-04
1726,fathom,quickly,labourer,quaintly,hastily,shrilly,2025-08-09
1727,plus,subexpression,ravel,heartache,solidly,explode,2025-06-30
1728,jot,persecute,indeed,underneath,though,helplessly,2024-03-14
1729,oxygenate,inasmuch,aw,zowie,premium,meanwhile,2024-03-04
1730,sans,knavishly,miserably,ignorance,unlawful,telescope,2024-11-25
1731,gnash,spear,concerning,rot,since,by,2024-08-11
1732,beside,sternly,creature,anenst,versus,statement,2026-02-16
1733,fortunately,cheerfully,for,given,and,upon,2025-10-26
1734,before,sans,misguided,uh-huh,whoever,bah,2024-06-06
1735,duffel,lest,though,spice,athwart,especially,2026-02-10
1736,pro,midst,brilliant,complicated,reward,down,2025-07-28
1737,lovingly,regular,calculating,hence,sheepishly,mmm,2025-03-24
1738,major,ugh,reconsideration,throughout,ameliorate,er,2025-02-09
1739,potentially,pronoun,never,gurn,airport,throughout,2025-05-31
1740,ugh,feather,furthermore,midst,neglected,cellar,2025-08-08
1741,arrogantly,besides,or,roger,redevelop,jittery,2025-07-25
1742,vice,transcend,pressure,before,uh-huh,submissive,2025-02-27
1743,however,instead,bah,steak,across,restructure,2024-08-14
1744,among,yahoo,gadzooks,bitterly,wherever,ugh,2024-06-14
1745,once,toward,nautical,unless,flight,brr,2025-02-10
1746,daintily,astride,promptly,monster,decisive,even,2025-03-10
1747,incidentally,woot,or,headline,mid,against,2024-11-19
1748,frantically,jeopardise,meaningfully,detective,ready,aw,2024-02-28
1749,personal,carelessly,fishery,glisten,embalm,mmm,2025-11-14
1750,smoothly,even,unscramble,responsibility,twist,yowza,2024-05-07
1751,uncommon,frantically,custody,jump,welcome,understanding,2025-01-12
1752,midwife,till,ugh,per,finally,psst,2025-09-26
1753,gadzooks,blissfully,anti,worthwhile,finally,tightly,2026-02-23
1754,gah,detain,now,narrowcast,fortunate,though,2025-12-13
1755,shoulder,abaft,pinstripe,broadly,soliloquy,bench,2026-01-31
1756,kick,that,among,scorpion,avalanche,immense,2024-07-06
1757,curiously,excitedly,modulo,wildly,idolized,birdbath,2025-11-30
1758,keel,tune-up,grandson,next,via,than,2025-12-20
1759,intrigue,than,oh,oof,black,sniff,2024-06-04
1760,because,feline,ack,stint,culture,monthly,2025-07-02
1761,delightfully,loyally,courteous,transom,meh,biodegrade,2025-05-27
1762,undergo,including,defiantly,airbus,ick,terrible,2025-02-02
1763,buck,mount,aboard,tabletop,sonar,eek,2025-02-25
1764,agile,although,geez,psst,smoothly,unfinished,2025-10-27
1765,duh,yesterday,tut,queasily,yawningly,catalyst,2024-12-21
1766,pearl,when,fuzzy,abseil,circulate,now,2024-04-18
1767,phooey,hence,amid,huzzah,easy,for,2025-09-15
1768,good-natured,behind,spork,often,longingly,the,2025-05-23
1769,cheerful,because,athletic,admired,hopelessly,though,2025-01-05
1770,helpfully,joyous,um,off,helplessly,consequently,2025-04-09
1771,pfft,whoa,dreamily,underpants,elliptical,out,2024-02-27
1772,aching,duh,for,scuttle,psst,yuck,2025-07-27
1773,ew,both,sugary,harp,gah,rudely,2024-10-12
1774,where,noisily,though,zesty,aha,rapidly,2025-10-26
1775,dapper,rot,blindly,individual,lest,absentmindedly,2024-08-11
1776,knitting,now,psst,wealthy,tackle,fibre,2025-11-28
1777,inside,gosh,yahoo,whether,provided,normal,2024-08-08
1778,round,tank,galvanize,freely,drat,arrogantly,2026-02-03
1779,so,lieu,when,extract,tapioca,anenst,2025-08-04
1780,courageously,exacerbate,while,meanwhile,pish,freely,2026-01-02
1781,which,longingly,provider,lest,midst,whereas,2025-08-12
1782,scornful,synthesise,amongst,compassionate,knowingly,ick,2025-07-27
1783,meatloaf,ah,obscure,into,spiffy,marathon,2025-03-22
1784,bran,however,oh,rapid,loaf,whoa,2024-03-26
1785,handsome,terribly,carelessly,lid,brr,solemnly,2024-04-30
1786,wholly,mmm,comestible,nocturnal,gently,freckle,2025-01-19
1787,venom,beep,adumbrate,proceed,yet,royal,2025-07-17
1788,than,courageous,loyally,submissive,amongst,gazebo,2025-03-10
1789,oxygenate,inasmuch,after,apologise,regularly,like,2024-07-18
1790,toward,foot,far,hollow,which,on,2024-03-23
1791,putrefy,awareness,obedient,minus,linear,unimpressively,2024-11-11
1792,idealistic,oxidise,abaft,musty,ambitious,among,2024-10-27
1793,qua,svelte,warmly,uh-huh,connect,hot,2025-05-12
1794,unbearably,rightfully,affect,crest,inside,why,2024-04-29
1795,times,stiff,splendid,criminal,a,govern,2024-08-10
1796,evil,litter,furlough,reproachfully,before,circa,2024-05-24
1797,tenderly,larva,squeaky,yowza,over,mortise,2025-05-19
1798,aboard,demobilise,by,butter,scrap,on,2024-08-13
1799,important,blah,ostrich,verify,incidentally,granny,2024-11-28
1800,nor,pigpen,yahoo,a,shrilly,whisper,2025-04-20
1801,baseboard,speedily,shirk,gown,pfft,misreport,2024-04-20
1802,patiently,unlawful,near,whenever,gee,at,2024-07-09
1803,ouch,mealy,whoa,indeed,case,but,2025-05-12
1804,musty,fondly,outset,notwithstanding,winding,pish,2025-07-27
1805,suckle,questionably,pine,frankly,lazily,slide,2025-09-28
1806,well-groomed,misreport,times,surface,however,thyme,2025-11-28
1807,whoever,expostulate,interesting,glaring,furthermore,comfortable,2024-03-26
1808,prime,petty,cruelly,too,optimistically,now,2024-11-14
1809,voluminous,impressionable,soon,ha,yowza,ha,2024-05-07
1810,friendly,commercial,alongside,ah,ew,hearten,2025-04-22
1811,seriously,huzzah,hence,poorly,youthfully,thoughtfully,2025-09-13
1812,phooey,uncomfortable,marimba,longingly,regarding,that,2025-01-16
1813,fairly,shoot,widow,but,opposite,milky,2025-04-30
1814,instantly,ouch,if,that,clumsy,phooey,2026-01-14
1815,deploy,glittering,nicely,whether,gee,whenever,2025-12-24
1816,vivacious,knowledgeably,hose,um,aw,boiling,2024-02-28
1817,bah,hm,alligator,except,during,hence,2025-11-29
1818,what,because,finally,the,gee,aside,2024-06-11
1819,lively,shirk,quiet,availability,all,when,2024-12-21
1820,fooey,mortally,abnormally,numeracy,observe,ew,2025-07-02
1821,unwieldy,season,who,unless,bleach,gee,2024-07-03
1822,permafrost,absentmindedly,kindheartedly,oof,corporation,educated,2025-04-08
1823,sore,colorful,until,mosh,when,meanwhile,2025-05-09
1824,left,pro,gruesome,tedious,yahoo,daily,2025-05-08
1825,cappelletti,blah,healthily,aboard,scare,while,2025-12-18
1826,sedately,hmph,important,ponder,excluding,surprise,2025-03-14
1827,hearten,why,madly,than,angle,bravely,2025-06-19
1828,through,aw,oof,scrutinise,oh,wildly,2024-10-06
1829,afterwards,corner,retention,yum,absent,whenever,2024-11-19
1830,bright,while,unimpressively,pish,ready,duh,2024-07-01
1831,dreamily,brandish,shinny,outdo,a,story,2025-05-06
1832,unabashedly,considering,trust,recklessly,ribbon,agile,2025-11-12
1833,rationale,with,awful,opposite,um,tomography,2024-10-29
1834,upbeat,which,meanwhile,overstay,salty,underneath,2025-07-04
1835,blah,innocent,dutiful,mmm,excepting,circumference,2026-01-02
1836,gosh,while,coolly,now,after,knowingly,2024-05-06
1837,bah,maroon,hole,boo,misfire,intensely,2024-02-28
1838,queasily,when,overwork,given,brr,impure,2025-02-27
1839,inconsequential,in,pronoun,plan,before,greedily,2025-08-13
1840,redact,gnash,minus,misreport,heavily,joyfully,2025-11-02
1841,morning,monstrous,shampoo,into,stir-fry,arbitrate,2025-04-29
1842,bleak,besides,hm,coordinated,executor,across,2024-03-03
1843,under,till,that,following,ah,yum,2025-02-15
1844,variable,pigpen,release,snow,indeed,who,2025-06-09
1845,regulate,amend,armchair,duh,hygienic,trim,2025-06-08
1846,phew,ha,dissemble,mysteriously,slowly,hydrolyze,2024-10-14
1847,brilliant,times,how,justly,finally,atop,2024-07-21
1848,circa,tarry,joshingly,who,boohoo,verbally,2025-12-13
1849,sailor,vol,redound,buzzing,key,both,2025-07-05
1850,for,absent,wide,tag,rigidly,loudly,2024-05-11
1851,honestly,bashfully,yet,since,arrogantly,reassemble,2025-03-24
1852,beside,zowie,whoa,unless,polarisation,equally,2026-01-06
1853,ah,after,physically,except,foolish,dutiful,2025-06-26
1854,whereas,around,ick,successfully,inasmuch,for,2026-02-20
1855,whistle,whenever,masquerade,midst,of,educated,2025-04-24
1856,save,longingly,powerful,midst,enormously,dishearten,2024-05-18
1857,aged,adrenalin,inject,quick-witted,um,gah,2025-09-04
1858,upright,delectable,quart,forenenst,mmm,pivot,2025-05-21
1859,deprave,scale,so,except,kindheartedly,blink,2025-10-03
1860,gentle,shout,aside,twin,turret,unfortunate,2025-06-22
1861,honesty,consequently,hospitable,efface,dividend,abandoned,2024-06-07
1862,typeface,brightly,till,vaguely,phew,fast,2025-02-06
1863,over,though,however,quip,only,fooey,2025-04-27
1864,considering,geez,failing,if,woot,dulcimer,2024-09-12
1865,ultimate,instantly,coop,adventurously,instead,ice-cream,2024-07-30
1866,ugh,huge,aw,wetly,embalm,surprised,2025-10-29
1867,ah,instead,hyphenation,eek,anenst,cheerfully,2025-05-12
1868,sneaky,howl,ugh,as,someplace,well-documented,2025-07-16
1869,finding,amount,deeply,whimsical,haze,sit,2025-10-11
1870,psst,jubilant,save,reconstitute,less,vanish,2025-01-31
1871,asset,ah,about,qua,poetry,popularize,2025-09-02
1872,propound,gah,motivate,mosh,omelet,gallery,2026-02-05
1873,lightly,angrily,brr,prioritize,whereas,lightly,2024-12-13
1874,entire,across,whether,antagonize,instead,ceramic,2026-01-31
1875,selfishly,regularly,towards,when,retention,geez,2025-09-19
1876,onset,defensive,daintily,boohoo,boo,duh,2025-12-02
1877,baritone,afore,focused,dispense,contrail,silent,2024-03-10
1878,aw,astride,chasuble,however,ack,gadzooks,2025-12-06
1879,righteously,ghost,midst,cellar,unconscious,mosh,2025-03-22
1880,bravely,weakly,aha,phooey,christen,before,2024-11-29
1881,without,veto,repeatedly,amongst,guest,custom,2024-07-15
1882,until,behind,sheepishly,fooey,defenseless,canter,2024-09-20
1883,throughout,inside,reboot,save,psst,fatally,2025-09-25
1884,packaging,wilted,yippee,indeed,furthermore,moralise,2024-10-16
1885,than,incomparable,hm,reorganisation,restfully,marathon,2024-12-13
1886,um,gee,requite,even,cheap,for,2024-07-27
1887,certification,commemorate,arcade,pivot,aha,grim,2024-03-16
1888,outdo,amongst,indolent,wedding,warmly,where,2024-03-30
1889,feline,orchid,collectivization,gah,after,vice,2024-08-28
1890,fibre,aboard,excitedly,legend,blah,provided,2024-04-01
1891,brr,dereference,suspiciously,innovate,bludgeon,fair,2026-02-13
1892,likewise,below,amidst,upon,calculus,until,2024-08-25
1893,labourer,flustered,if,until,long-term,book,2025-12-28
1894,assail,muted,underneath,although,average,barring,2025-09-11
1895,puny,bright,crossly,cardboard,when,what,2024-04-20
1896,cellar,gradient,whoever,now,unlined,yearly,2024-08-31
1897,amid,what,zowie,soliloquy,deduct,parsnip,2026-01-22
1898,honesty,nicely,including,inject,outside,giant,2025-04-24
1899,and,especially,whereas,within,markup,though,2025-10-01
1900,across,intensely,sock,nearly,minus,doubter,2026-01-03
1901,untried,however,camouflage,indeed,wedding,make,2025-08-26
1902,if,wholly,far,likewise,whereas,although,2024-08-16
1903,than,ack,stunning,between,frenetically,round,2024-09-08
1904,brr,brook,rekindle,legging,hopelessly,cycle,2025-02-17
1905,lashes,towards,sup,under,lazy,violently,2024-09-23
1906,with,below,kindheartedly,verbally,cork,bungalow,2025-09-02
1907,oof,lock,coaxingly,developmental,birth,frankly,2025-01-19
1908,weekly,rapidly,bah,by,oof,nimble,2025-06-18
1909,doting,tentacle,oxidise,rapidly,embed,apropos,2025-01-14
1910,pause,whose,imagineer,sure-footed,hmph,because,2025-07-09
1911,remorseful,apud,icy,lender,tooth,department,2025-04-06
1912,yuck,during,in,what,informal,even,2025-12-16
1913,upon,hmph,corral,duh,unlike,department,2025-09-23
1914,dimly,pivot,until,per,gosh,expostulate,2024-03-19
1915,oof,drat,slimy,focalise,barge,among,2024-02-26
1916,singe,stunning,yawn,hygienic,indeed,provided,2024-09-30
1917,besides,er,merry,nervously,brr,seal,2024-04-13
1918,next,helpfully,before,of,blue,pfft,2024-04-15
1919,design,oddball,fishery,ethical,soon,pro,2025-05-11
1920,furthermore,true,correctly,deep,misreport,disapprove,2025-07-12
1921,where,harmful,yippee,nor,department,deny,2024-08-07
1922,puny,supposing,monstrous,yippee,drat,meanwhile,2024-06-14
1923,scram,across,versus,jungle,clear-cut,hastily,2024-12-02
1924,sternly,boldly,internalize,while,um,place,2024-06-28
1925,calmly,brr,unkempt,lumbering,ew,compromise,2025-05-25
1926,thoughtfully,pack,obtrude,frankly,scrape,whether,2024-12-23
1927,in,blah,to,dreary,a,dock,2024-04-13
1928,sophisticated,so,unaccountably,ocelot,sneak,outrun,2024-10-18
1929,snow,validity,stump,jagged,optimistic,submitter,2024-11-15
1930,aw,limply,yearly,hollow,over,phooey,2025-08-13
1931,drab,poorly,account,negotiation,costume,besides,2024-10-09
1932,operating,as,inventory,scrutinise,gadzooks,rowdy,2025-07-26
1933,ugh,furthermore,sociable,gah,up,opposite,2024-07-17
1934,punctuation,bah,rusty,omelet,youthfully,fog,2024-04-13
1935,forenenst,an,long,ambitious,hello,instantly,2024-07-06
1936,readily,swathe,surprisingly,uh-huh,fatally,polyester,2025-02-03
1937,fowl,warped,truthfully,midst,downshift,yowza,2024-11-20
1938,against,lavish,but,despite,till,unto,2025-09-02
1939,glittering,ack,ick,ownership,accomplished,right,2024-10-25
1940,deadly,that,whenever,cruelty,up,jubilantly,2025-01-08
1941,hyena,which,divert,challenge,yet,categorise,2025-12-27
1942,heavily,frightfully,meh,posh,usually,dicker,2024-05-11
1943,daintily,voluntarily,quintessential,and,aching,solicit,2025-02-28
1944,about,stint,softly,stunt,including,beside,2025-09-25
1945,lumpy,apropos,watery,what,justly,phooey,2025-02-06
1946,freezing,finished,than,wherever,eek,foolishly,2025-05-13
1947,hungrily,oof,at,chow,plus,experienced,2024-06-16
1948,quaff,geez,furthermore,inhibit,than,posh,2024-09-22
1949,except,where,joshingly,unaccountably,collectivization,underneath,2024-04-27
1950,minor,ah,absent,when,unnaturally,unlike,2025-01-19
1951,ugh,noisily,proceed,accomplished,after,er,2024-04-22
1952,unknown,without,failing,zany,powerfully,term,2024-06-11
1953,above,chap,colorfully,phew,scrape,ugh,2025-12-04
1954,abaft,wherever,harangue,considering,greatly,the,2025-08-17
1955,pure,sans,intently,malfunction,into,and,2025-12-18
1956,like,abnegate,inasmuch,astride,wordy,contrast,2024-05-17
1957,sermon,even,musty,overdue,anenst,off,2024-05-15
1958,among,towards,antelope,bell,deliberately,aha,2025-05-14
1959,whoa,unscramble,ignite,how,troubled,whoever,2025-04-02
1960,throughout,beyond,ameliorate,near,similar,hmph,2025-06-23
1961,while,serialize,till,gee,outrank,since,2025-10-07
1962,tuba,but,simple,brave,now,joyous,2024-03-25
1963,powerful,someplace,categorise,meh,whose,quiet,2025-07-06
1964,second-hand,uh-huh,while,glimmer,quaintly,although,2024-07-07
1965,sundae,seldom,supposing,elegantly,or,confirm,2025-03-09
1966,once,around,how,team,slowly,by,2025-08-26
1967,mortally,diligent,pliers,soon,until,who,2025-12-27
1968,instructor,after,that,even,sedately,ew,2024-10-11
1969,busily,for,uh-huh,past,eek,starch,2024-04-08
1970,cloudy,accidentally,boo,made-up,what,husk,2025-11-29
1971,meh,huzzah,nor,consequently,pertinent,along,2024-05-03
1972,above,except,than,rightfully,hence,electrify,2024-03-15
1973,politely,pine,list,sedately,as,fedora,2024-11-09
1974,license,embossing,venture,before,gurn,daintily,2024-09-15
1975,canter,knife,govern,video,justly,secularize,2026-01-16
1976,amidst,fooey,colour,aw,and,bench,2025-08-31
1977,screw,toward,sweatshop,entire,obtrude,nor,2026-02-20
1978,midst,omelet,supposing,overfeed,discourse,finally,2025-08-04
1979,ouch,unless,flint,narrow,because,galvanize,2026-02-01
1980,acceptable,rationalize,kiddingly,as,ick,yuck,2024-06-21
1981,supposing,motivate,by,ragged,lawmaker,tattered,2025-05-12
1982,animated,confirm,inasmuch,arrogantly,scotch,beyond,2025-02-07
1983,into,duh,though,onto,roughly,specific,2025-08-24
1984,unless,the,forenenst,faithfully,below,maintainer,2024-05-18
1985,guilty,untried,aha,despite,ugh,bludgeon,2025-06-27
1986,pish,whoever,boohoo,probable,oh,inasmuch,2025-05-08
1987,likewise,despite,community,before,deceivingly,mmm,2024-05-02
1988,hepatitis,yuck,for,amid,lampoon,table,2024-12-26
1989,huzzah,knottily,meanwhile,creak,boldly,if,2024-09-22
1990,ragged,hundred,creator,phew,deceivingly,internalize,2024-06-20
1991,boohoo,skeleton,where,vivaciously,geez,avaricious,2024-11-02
1992,although,when,frenetically,and,that,unlike,2024-10-30
1993,baa,concerning,energetically,into,above,less,2024-11-11
1994,linear,intently,excluding,aha,or,duh,2025-03-08
1995,um,hefty,dandelion,uselessly,whoever,ha,2024-11-23
1996,quickly,huzzah,nor,investigate,courageously,yuck,2025-03-18
1997,after,liberalize,yippee,yuck,boohoo,rally,2025-06-08
1998,shrilly,sauerkraut,outfit,as,bob,knitting,2025-04-02
1999,guacamole,how,graceful,but,bustling,pike,2024-02-27
2000,officially,boohoo,wasteful,unaccountably,via,throughout,2024-10-16
2001,greedy,around,and,instead,unless,flint,2024-11-01
2002,bravely,boo,throughout,below,self-assured,owlishly,2025-08-09
2003,into,cornet,snack,phew,oof,stunt,2025-10-22
2004,psst,considering,whenever,besides,among,circa,2025-10-19
2005,meanwhile,unfortunate,whose,failing,positively,cheerfully,2025-11-15
2006,mean,sedately,amongst,or,avaricious,embarrassment,2025-12-05
2007,mmm,downshift,beside,bore,behest,convalesce,2024-09-28
2008,times,hm,plus,lest,unscramble,likewise,2025-04-09
2009,nor,fast,likewise,battle,those,boo,2025-10-01
2010,honorable,hm,gift,order,admonish,penalise,2024-08-07
2011,sharply,extent,excitedly,lazy,lest,toward,2025-12-09
2012,lock,under,oof,while,hawk,if,2024-12-22
2013,extra-large,penalise,though,relaunch,octave,outside,2025-04-10
2014,yahoo,highly,signature,aha,scope,along,2026-01-30
2015,stuff,minus,untimely,torn,before,positively,2025-09-10
2016,hmph,fax,oof,lumpy,sniveling,blue,2024-10-24
2017,institute,unto,tributary,lock,sting,now,2024-09-26
2018,aw,aw,notarize,carpool,because,crocodile,2024-09-27
2019,once,handy,powerfully,clumsy,frightfully,jungle,2024-10-24
2020,duh,modulo,mosh,duh,given,apud,2025-05-10
2021,steeple,whenever,off,likewise,athwart,wry,2024-08-05
2022,brochure,dispense,round,gulp,likewise,hutch,2025-01-13
2023,outside,fleck,nearly,taxicab,stall,big,2024-08-08
2024,noisily,fun,aftermath,diligently,bleak,jubilant,2024-11-28
2025,factorise,redesign,substantial,tangible,zowie,swim,2025-05-23
2026,creator,positively,cleave,scare,enroll,fooey,2025-09-12
2027,versus,cook,kindly,fooey,intently,moisten,2024-11-10
2028,taut,inventory,unless,softly,within,obscure,2025-01-30
2029,spice,enroll,brr,dicker,duh,gladly,2025-10-12
2030,obligation,flimsy,blah,wildly,behind,hence,2024-09-30
2031,heavy,now,reasonable,infamous,oh,flu,2024-04-17
2032,ski,cycle,pish,tomorrow,availability,except,2024-06-03
2033,within,circumference,banish,mushy,yippee,under,2024-11-23
2034,pfft,airline,while,beyond,circle,wisely,2024-06-01
2035,ew,regarding,vanadyl,acidly,energetically,boo,2025-10-10
2036,opera,brochure,along,dishearten,to,at,2025-02-08
2037,experienced,mountain,onto,cappelletti,shyly,after,2024-11-30
2038,accompany,as,where,barge,wildly,nor,2025-07-04
2039,intensely,qua,on,ruin,often,boo,2025-11-09
2040,beyond,malfunction,fill,zebra,afore,irritably,2026-02-15
2041,meh,across,transparency,uh-huh,warmly,geez,2025-06-17
2042,whoever,yuck,scrap,government,dock,hot,2024-04-15
2043,although,meanwhile,fluffy,fooey,messy,near,2024-12-30
2044,supposing,portray,gee,astride,yowza,rout,2025-06-10
2045,finally,dearly,captain,notwithstanding,duh,strait,2025-11-18
2046,old,upside-down,phooey,privilege,cash,swill,2025-07-20
2047,fair,knowledgeably,past,uh-huh,wearily,fooey,2026-02-22
2048,recount,concentration,restfully,oh,inasmuch,climb,2025-01-27
2049,uselessly,whose,beside,coaxingly,surprisingly,hunger,2024-04-08
2050,new,mixture,father,besides,scarper,regarding,2025-10-09
2051,brandish,ripe,snack,reclassify,through,far-off,2026-02-07
2052,daintily,incidentally,near,unnecessarily,rarely,frequent,2024-05-30
2053,procurement,provided,apprehensive,weird,huge,discrete,2025-01-03
2054,formamide,when,rebuke,awareness,um,athwart,2025-03-08
2055,marvelous,exactly,hence,because,whup,blissfully,2025-09-18
2056,tame,ajar,blossom,kookily,meanwhile,than,2025-11-18
2057,questioningly,wrongly,hmph,commandeer,yippee,limply,2025-02-16
2058,among,if,in,openly,guzzle,unto,2025-01-11
2059,rosy,beside,impact,private,pish,quintessential,2024-11-02
2060,around,beyond,alongside,distant,offensively,vice,2025-05-01
2061,baggy,reflate,sneak,wilted,evince,if,2026-02-22
2062,knowingly,promptly,dusk,meanwhile,um,observe,2025-05-08
2063,duh,reboot,orientate,however,surprisingly,voluntarily,2025-05-11
2064,concerning,technician,capitalize,although,pfft,where,2024-05-25
2065,nor,tight,motor,when,blissfully,hippodrome,2025-07-31
2066,till,worth,meaningfully,boohoo,if,proper,2024-12-07
2067,ameliorate,aha,ick,yum,as,outrank,2024-11-11
2068,hydrolyse,singe,monstrous,kookily,blah,psst,2026-01-21
2069,waver,bench,yet,toward,however,wafer,2025-02-08
2070,boo,vice,dissemble,worse,obnoxiously,litter,2024-09-15
2071,hm,blah,equate,while,appliance,variable,2025-11-16
2072,usher,quiet,devise,pish,yahoo,but,2024-03-05
2073,warm,oh,cellar,crumble,league,writ,2025-02-06
2074,yellowish,question,meaty,inasmuch,amid,hopeful,2025-02-08
2075,ew,frightfully,kissingly,epic,untimely,in,2025-11-01
2076,quarrelsomely,swift,gasp,dramatize,via,sock,2024-06-06
2077,in-joke,cultivated,knavishly,after,frilly,suckle,2024-08-09
2078,usually,bolster,steak,provided,desk,where,2024-05-21
2079,as,atop,carnival,true,aw,zesty,2024-05-29
2080,thoughtfully,whoa,deselect,gadzooks,train,waist,2024-05-16
2081,sashay,mild,treble,psst,treasure,mobility,2024-09-27
2082,dash,fervently,kindly,where,instead,attribute,2024-09-19
2083,ah,superficial,ambitious,vast,crazy,catch,2024-05-19
2084,past,interviewer,outsource,straight,that,finer,2025-09-07
2085,and,unless,summer,ragged,yowza,what,2025-08-04
2086,represent,pinstripe,ugh,madly,blight,sonata,2024-09-24
2087,neck,rationalize,self-confidence,realistic,provided,though,2024-04-22
2088,badly,aw,softly,sneak,over,hierarchy,2025-10-29
2089,next,litter,furthermore,since,between,round,2025-05-27
2090,flash,off,monthly,gift,seemingly,now,2024-05-17
2091,amidst,depart,brr,important,tackle,hover,2025-07-27
2092,major,around,statement,over,finally,failing,2024-09-26
2093,patiently,worth,boohoo,fluffy,uh-huh,whereas,2024-08-15
2094,minion,jealously,freely,yuck,dearly,likewise,2025-01-08
2095,once,lazily,where,worth,red,brush,2026-01-17
2096,pish,circa,upon,worldly,nervously,besides,2025-02-08
2097,necklace,violent,task,heighten,guide,provided,2025-06-23
2098,boohoo,onto,excepting,deflect,pink,prudent,2025-05-11
2099,diagram,instance,beloved,however,golden,a,2024-11-08
2100,palate,reconsideration,sleepy,however,even,when,2024-05-03
2101,amid,madly,uselessly,worth,begonia,toward,2025-02-17
2102,yet,out,daddy,spark,supposing,devastation,2024-11-17
2103,before,apropos,puppet,hot,runway,hexagon,2024-08-03
2104,vista,since,below,outside,monocle,grubby,2024-11-19
2105,worth,blissfully,incidentally,decryption,cautiously,interestingly,2024-08-06
2106,commandeer,kookily,yowza,toothpick,eek,expert,2024-12-14
2107,ferret,warmly,aching,utter,gosh,though,2025-05-17
2108,provided,brr,jubilantly,radiant,judgementally,canter,2025-03-12
2109,while,captain,self-confidence,coexist,cop,coexist,2025-03-29
2110,the,bah,even,mallard,nun,provided,2025-12-31
2111,aw,sandy,except,yet,why,better,2025-09-22
2112,crumble,nun,square,ha,seemingly,consequently,2025-10-18
2113,inconsequential,drat,back,boohoo,measly,because,2025-07-23
2114,beloved,flight,what,ferret,soon,instead,2025-02-13
2115,home,rot,deceivingly,for,pile,though,2024-05-12
2116,pro,um,past,whose,hefty,the,2024-12-14
2117,whoever,reproachfully,among,yowza,disposer,scowl,2025-05-13
2118,indeed,loyally,tenant,drat,unaware,messy,2025-08-29
2119,glass,hornet,abscond,tune,gadzooks,phew,2025-02-05
2120,unaccountably,browse,nippy,director,ugh,apud,2025-12-15
2121,recent,wing,um,woot,back,now,2025-03-20
2122,thankfully,colorize,up,on,excitable,without,2024-04-30
2123,worthless,before,massive,indeed,through,tightly,2024-12-15
2124,defenseless,tinderbox,vibration,debit,thongs,across,2025-10-15
2125,frankly,yet,babushka,frozen,league,although,2025-11-29
2126,inasmuch,while,productive,given,before,obligation,2024-04-08
2127,fraternise,an,which,blushing,obsess,uh-huh,2025-01-14
2128,vanish,until,junior,long-term,circa,stormy,2024-09-30
2129,distinction,well-lit,notwithstanding,yearly,because,pricey,2026-02-01
2130,drat,until,SUV,partially,until,since,2025-05-06
2131,even,fabricate,pendant,aha,the,longingly,2025-03-17
2132,while,but,knowingly,or,scram,out,2024-11-12
2133,cloudy,amount,hm,ew,lumpy,bah,2025-06-05
2134,astride,of,duh,wolf,so,considering,2025-12-17
2135,quixotic,gallery,while,yowza,hose,of,2025-10-22
2136,keel,by,dull,discontinue,quickly,consequently,2024-06-02
2137,glorious,than,while,eek,eek,unfortunately,2025-02-17
2138,during,frightfully,duh,a,pinstripe,adventurously,2024-10-27
2139,wildly,parody,joshingly,loose,brr,yahoo,2025-09-11
2140,vivaciously,circa,helpfully,nicely,longboat,outrun,2024-09-16
2141,whoa,colossal,inasmuch,validity,via,now,2024-12-10
2142,wherever,which,which,now,while,markup,2026-02-16
2143,flight,metal,cruelly,indolent,and,repeatedly,2026-01-24
2144,digestive,that,gracefully,drat,even,whether,2025-01-06
2145,instead,ew,ah,graft,substantiate,indeed,2025-02-18
2146,um,whoever,pish,accept,for,knavishly,2025-11-24
2147,store,notwithstanding,where,kick,solemnly,hoof,2024-09-21
2148,fast,however,charter,ah,although,cellar,2025-12-25
2149,oh,really,wicked,since,triumphantly,holster,2025-05-14
2150,plump,doting,gosh,yet,dispose,frightened,2025-02-25
2151,phew,coal,gah,monocle,opposite,mostly,2024-04-24
2152,management,beyond,miserably,up,scarification,anxiously,2025-11-28
2153,outrank,ick,whether,positively,frequent,almost,2024-11-17
2154,rival,list,thin,deceivingly,import,outnumber,2025-11-09
2155,elastic,compromise,boohoo,ick,hm,after,2026-01-12
2156,failing,regarding,exonerate,well,adventurously,hourly,2026-02-01
2157,scarcely,utter,total,growing,strait,out,2024-03-24
2158,dispose,yippee,yuck,whereas,blah,opposite,2024-04-15
2159,controvert,qua,potentially,anenst,apropos,militate,2025-07-01
2160,cumbersome,wherever,considering,palate,spew,graduate,2025-03-08
2161,bathrobe,whoever,meanwhile,aw,exalted,sideboard,2024-05-07
2162,minus,terribly,pacemaker,warming,finally,till,2024-07-24
2163,warmly,meh,until,encode,adrenalin,ew,2024-12-16
2164,scientific,hastily,psst,ack,ridge,a,2024-10-12
2165,ick,noisily,behind,surprise,request,bar,2025-02-22
2166,afterwards,rudely,duh,till,woot,meh,2025-11-03
2167,dismal,utter,whoa,incidentally,hm,printer,2025-12-31
2168,furthermore,rare,unlined,saloon,afterwards,authorized,2025-01-23
2169,cheetah,machine,made-up,fussy,energetically,mockingly,2025-02-25
2170,intensely,electronics,though,flowery,till,whenever,2024-12-29
2171,likewise,navigate,nutritious,if,informal,about,2025-02-17
2172,until,fooey,bah,forceful,fatally,instead,2025-11-22
2173,at,moor,noteworthy,coaxingly,negative,lined,2024-03-03
2174,blah,round,gadzooks,brush,aggravating,blend,2026-02-21
2175,subsidy,greedy,randomize,fatally,segregate,cassava,2025-03-27
2176,brisk,now,equal,before,ceramic,wilt,2024-10-11
2177,wherever,phooey,glum,plain,slump,frizzy,2025-04-19
2178,obnoxiously,sick,save,oh,requirement,boohoo,2024-10-28
2179,meanwhile,narrowcast,near,excitedly,forager,hm,2024-12-05
2180,far,until,um,whoever,after,usher,2025-06-10
2181,yowza,embarrassment,although,degenerate,duh,unsightly,2025-12-31
2182,phew,truly,within,throughout,overwork,before,2025-08-26
2183,chasuble,anti,if,gloss,optimistic,completion,2025-08-17
2184,commodity,mid,short,pace,concentration,amongst,2024-04-10
2185,rarely,cow,until,after,except,naturally,2024-04-24
2186,than,boo,perky,spice,ethical,excellent,2025-07-02
2187,on,yesterday,anenst,once,which,qua,2024-07-17
2188,huzzah,yet,yum,memorise,fun,heartache,2025-09-19
2189,dividend,headline,softly,yum,sans,radiant,2025-05-02
2190,throbbing,blah,orient,somber,brave,through,2025-10-10
2191,because,nor,into,typeface,sneak,ultimate,2024-03-15
2192,coarse,under,feather,fragrant,eek,commonly,2025-10-17
2193,safeguard,wholly,which,construe,jeopardise,yuck,2024-11-02
2194,whenever,idolized,unless,hence,oh,if,2025-12-28
2195,legitimize,overcook,ugh,what,qua,whenever,2025-09-13
2196,vice,clone,fortunately,free,fully,priesthood,2024-07-31
2197,collaboration,trash,coaxingly,intrigue,unaccountably,except,2025-08-07
2198,ragged,bah,knotty,sashay,though,while,2025-02-16
2199,than,whose,unlike,across,confusion,upbeat,2025-07-13
2200,inasmuch,gah,cheerfully,which,aside,and,2025-02-19
2201,however,valiantly,knavishly,massage,cripple,oof,2024-12-02
2202,aha,apud,abandoned,reckon,stunning,angle,2025-04-30
2203,blah,above,awkwardly,soon,before,underneath,2024-06-03
2204,as,friendly,front,that,segregate,evenly,2024-06-09
2205,valley,while,elliptical,bah,schedule,upbeat,2025-03-26
2206,energetic,geez,decryption,ew,whenever,trick,2025-09-21
2207,gloat,doting,towards,before,reach,carefree,2024-12-03
2208,calmly,scaly,on,around,across,than,2025-08-07
2209,oof,absent,lovable,nor,boo,gnash,2024-09-18
2210,shanghai,writhing,when,happily,buttery,because,2024-03-05
2211,aged,on,phooey,incinerate,from,bloom,2025-01-22
2212,cheetah,notwithstanding,oof,after,spherical,disconnection,2025-05-14
2213,grizzled,gigantic,tabulate,gestate,entwine,which,2025-10-11
2214,remand,yippee,trusting,cluttered,generously,order,2025-01-31
2215,subdued,yippee,tool,anenst,chubby,tomorrow,2026-01-20
2216,regarding,or,opposite,industrialize,unimportant,obedient,2025-08-01
2217,below,charm,over,extroverted,cross,cope,2026-02-02
2218,reproachfully,pish,jam-packed,ethical,ack,makeover,2024-12-08
2219,swelter,awkwardly,compassionate,heartbeat,saturate,out,2026-02-11
2220,whenever,whenever,fortunately,early,yawningly,sunbathe,2025-09-08
2221,provided,peninsula,earnest,yippee,hence,uncover,2024-03-21
2222,frightfully,yowza,oblong,between,founder,flood,2025-05-18
2223,fly,pigpen,till,recede,shampoo,event,2024-12-25
2224,inasmuch,safe,bah,boo,hmph,sore,2025-08-01
2225,fold,majestic,hm,chime,so,into,2025-02-15
2226,every,throughout,instantly,into,naturally,beyond,2024-12-27
2227,apropos,license,past,well-worn,fairly,tenderly,2024-03-10
2228,gadzooks,above,below,yet,whoa,whimsical,2025-02-27
2229,unaccountably,however,improbable,lest,neighboring,comparison,2025-09-22
2230,once,oof,angrily,yum,shout,apud,2024-07-17
2231,adult,stint,skyscraper,if,pile,forenenst,2025-10-30
2232,massage,make,unfinished,meanwhile,cleverly,swath,2026-02-21
2233,before,collaboration,instead,wherever,golden,deduct,2024-07-03
2234,worriedly,obvious,since,putrefy,supposing,certainly,2025-08-21
2235,uh-huh,outfit,willfully,towards,ick,scout,2024-09-06
2236,against,er,cop-out,restfully,triumphantly,gracefully,2025-11-10
2237,digitize,what,home,warming,pop,boohoo,2025-06-05
2238,about,enroll,toward,staid,scrap,oh,2025-07-25
2239,huzzah,perfectly,oof,wolf,puppet,than,2024-03-12
2240,apparatus,micromanage,somber,masculinize,regarding,untrue,2024-08-27
2241,asset,proceed,the,crossly,swat,worth,2025-10-14
2242,via,as,hmph,ah,whenever,across,2024-12-27
2243,miserly,given,bestride,shear,apud,supposing,2026-01-28
2244,zealous,yuck,proliferate,intensely,march,ha,2025-11-07
2245,volleyball,fax,hoof,er,where,positively,2024-12-23
2246,yum,inwardly,opposite,quixotic,ew,yippee,2024-09-23
2247,cleave,liquid,brochure,gah,despite,unto,2025-05-12
2248,qua,whose,seemingly,duh,scientific,grim,2024-08-05
2249,though,scaffold,huzzah,including,reprove,coop,2025-09-05
2250,qua,round,rally,the,tray,oof,2025-07-09
2251,whoa,pfft,except,tectonics,closely,yuck,2025-10-30
2252,fooey,babushka,unwelcome,lowball,awesome,dredger,2025-12-31
2253,meh,debit,pointless,giant,zebra,smoke,2024-02-26
2254,pro,psst,amount,accidentally,tomorrow,lively,2025-07-04
2255,faint,recovery,if,throughout,toward,pepper,2025-10-08
2256,oh,see,new,suddenly,step-mother,embalm,2025-06-10
2257,far,obnoxiously,afore,that,reprimand,consequently,2025-08-07
2258,alive,ha,fat,about,drat,seldom,2024-09-30
2259,phooey,ape,meanwhile,like,kindly,plait,2025-08-03
2260,before,boohoo,ecliptic,unethically,compassionate,sometimes,2024-06-01
2261,regular,excluding,pike,briskly,blah,legend,2025-04-06
2262,who,wherever,finally,oh,ack,snuggle,2026-01-12
2263,confide,ceramics,mobility,minus,ah,around,2024-12-09
2264,boohoo,ack,uh-huh,since,commandeer,gratefully,2024-09-30
2265,easy,what,or,whoa,fibre,even,2025-10-13
2266,carnival,hm,where,why,sweetly,where,2025-03-30
2267,loftily,hmph,advocate,rotten,unkempt,birdbath,2024-09-08
2268,interestingly,slime,mockingly,feline,afore,that,2025-08-02
2269,clearly,sway,favorite,tousle,usually,unfreeze,2025-10-23
2270,shadowbox,though,intent,event,unlike,chime,2024-07-12
2271,reconstitute,why,edible,yahoo,decongestant,authentic,2026-01-04
2272,affiliate,unless,deployment,joyfully,amidst,absent,2024-05-23
2273,ick,justly,gleefully,yet,ferret,ack,2025-06-29
2274,before,blah,fat,usually,broadly,chiffonier,2024-10-01
2275,madly,entice,enormously,searchingly,pillory,trench,2024-09-08
2276,from,verve,normal,and,desecrate,trusting,2024-11-03
2277,likewise,elegantly,than,of,buttery,querulous,2025-12-23
2278,exploration,consequently,even,and,yowza,incidentally,2025-09-15
2279,blaring,except,drat,lest,mmm,meanwhile,2025-07-05
2280,nervous,duffel,department,mmm,over,yum,2024-08-30
2281,um,rebuild,sniveling,aw,convince,through,2025-07-09
2282,junior,righteously,anti,of,circumference,deeply,2026-02-22
2283,incidentally,boohoo,too,aw,imaginary,quixotic,2024-06-10
2284,but,meh,on,unto,bashfully,if,2025-08-30
2285,address,bowler,woot,horn,dead,where,2024-07-07
2286,stock,strictly,if,consign,bookend,animated,2025-06-26
2287,pronoun,fantastic,optimistic,achieve,ew,intently,2025-06-08
2288,beside,oof,hmph,foodstuffs,who,careless,2025-04-23
2289,greatly,present,when,yet,obstruct,the,2025-07-30
2290,daily,subtle,forgo,as,beneath,from,2025-01-20
2291,unlike,scaly,completion,rationalize,subexpression,phooey,2025-07-23
2292,emboss,pish,kindly,phew,off,infamous,2025-10-15
2293,alongside,zowie,agreement,so,generously,across,2024-08-24
2294,geez,acidly,mmm,even,put,uh-huh,2025-05-02
2295,toward,cheap,beneath,until,come,from,2025-04-25
2296,ingratiate,awkwardly,integer,jazz,rim,ack,2025-06-28
2297,horn,once,solace,whoa,glimmer,highly,2025-04-30
2298,now,drat,that,crumble,vanish,hm,2024-11-07
2299,unless,almost,annual,flashy,anxiously,huzzah,2024-09-03
2300,meaningfully,deadly,meanwhile,phooey,consequently,except,2025-10-28
2301,yet,aboard,spiteful,next,modulo,ambitious,2024-02-25
2302,honestly,hm,meh,bah,old,culture,2024-11-10
2303,ack,duh,suddenly,shudder,until,oof,2025-04-09
2304,fiercely,display,ocelot,gee,partially,rationalise,2025-03-06
2305,useless,belabor,generously,mmm,cross-contamination,chow,2024-05-29
2306,nearly,jot,violent,ah,hmph,minion,2024-07-17
2307,at,likewise,nearly,gah,chapel,righteously,2025-07-04
2308,ugh,chow,onto,er,limply,black-and-white,2024-05-27
2309,why,likewise,eek,authentic,criminal,about,2025-01-03
2310,jagged,versus,even,gadzooks,what,parched,2024-11-01
2311,ah,aha,happily,overcooked,woot,rear,2025-11-07
2312,alongside,supposing,clueless,strictly,ceramic,since,2025-09-15
2313,dark,behind,mortally,pish,brave,gee,2025-04-03
2314,harmful,anti,noxious,behind,a,ack,2024-04-11
2315,terribly,hastily,wallop,pneumonia,yet,boo,2024-03-25
2316,toe,bleak,sturdy,beyond,unlike,siege,2025-12-30
2317,ouch,bony,upon,casket,excluding,soon,2024-09-05
2318,vengeful,consequently,wedding,as,uproot,quarterly,2025-12-19
2319,finally,linear,gosh,drat,nun,though,2025-01-01
2320,cram,fluff,radiant,entrench,incidentally,monthly,2024-05-22
2321,categorise,sweetly,next,meaty,on,when,2026-01-24
2322,minus,pastel,wherever,drag,while,wordy,2025-03-24
2323,hm,uh-huh,wildly,yowza,simple,forecast,2025-09-24
2324,yippee,runway,ecstatic,once,wire,healthily,2025-11-16
2325,smuggle,illusion,dissemble,till,scale,wonderfully,2024-08-12
2326,and,barring,academics,miserably,ah,towards,2025-07-30
2327,lest,muddy,even,account,everlasting,suspiciously,2025-01-31
2328,descent,unlike,considering,under,rundown,troubled,2025-04-09
2329,politely,ew,unfortunately,per,however,consequently,2025-03-08
2330,insidious,distinct,politely,litter,ill-fated,step,2025-04-05
2331,until,nice,inside,failing,middle,funny,2024-10-12
2332,throughout,where,once,fortunately,inside,scar,2024-07-03
2333,meanwhile,because,on,cop-out,miskey,yuck,2025-10-28
2334,wing,verify,atop,drat,after,glass,2024-06-08
2335,below,meh,diligently,bah,overwork,gah,2024-04-19
2336,emphasise,marvelous,colonialism,stable,cork,regarding,2024-07-27
2337,optimal,advertisement,mountain,whoever,eek,including,2024-10-27
2338,among,lest,revere,yuck,into,apricot,2025-01-19
2339,quietly,fuel,affectionate,oof,at,fat,2025-04-27
2340,toward,zowie,or,so,defiantly,informal,2025-10-09
2341,monster,incidentally,why,where,mean,veto,2025-02-07
2342,object,rightfully,playfully,finished,unibody,aboard,2025-09-01
2343,yahoo,aha,mystify,ample,sensitize,furthermore,2025-02-23
2344,as,hm,lightly,astride,frenetically,basic,2025-07-24
2345,almighty,jellyfish,gee,down,pigpen,ditch,2024-12-21
2346,inasmuch,colligate,regularly,off,publication,capitalise,2024-04-06
2347,off,unless,hmph,ew,while,markup,2024-10-18
2348,yowza,upside-down,edge,bah,fortunate,ick,2024-07-23
2349,ack,till,except,pink,except,eventually,2024-11-06
2350,impartial,phew,so,upon,nor,brr,2025-02-06
2351,drat,sanity,when,fat,vista,gah,2025-07-20
2352,qua,necessary,proliferate,uh-huh,unless,prance,2024-05-16
2353,underneath,enchanting,sometimes,yuck,fortunately,furthermore,2026-01-17
2354,tragic,whereas,outnumber,in,and,veg,2024-03-04
2355,whereas,cone,boo,lest,solemnly,bah,2025-02-08
2356,flu,throbbing,vacantly,hence,vaguely,deadly,2024-05-17
2357,so,versus,concerning,bah,when,since,2024-09-20
2358,across,yippee,mostly,across,secret,case,2025-03-15
2359,gee,generally,pocket-watch,drat,riser,able,2026-01-03
2360,innovation,geez,worst,sprinkles,circa,astride,2024-04-15
2361,finally,clavicle,as,sand,monocle,noon,2024-03-09
2362,recent,whose,assail,forenenst,designation,reflecting,2024-11-09
2363,privilege,ugh,gym,orderly,gape,onto,2025-01-02
2364,crafty,anti,blah,rosemary,underplay,square,2024-07-30
2365,throughout,warming,deduce,while,sternly,fork,2025-11-28
2366,until,minor,brand,mantua,though,phew,2024-10-29
2367,over,off,infamous,excepting,while,solution,2025-08-10
2368,celsius,next,gah,eek,um,uniform,2024-04-06
2369,indeed,who,carp,furthermore,besides,deserted,2025-03-30
2370,however,wherever,or,wherever,besides,confound,2024-12-10
2371,er,midst,plus,neglected,recompense,past,2024-11-09
2372,making,dimly,aching,frightfully,weakly,concerning,2024-03-14
2373,ecliptic,or,barring,fowl,pixellate,slink,2025-08-02
2374,knowledgeably,obnoxiously,deduction,who,effector,militate,2024-12-03
2375,uh-huh,engage,ew,limping,nor,reproach,2026-02-19
2376,bob,gnash,optimal,even,despite,sniff,2025-08-24
2377,huff,evince,finer,scamper,highly,on,2025-05-08
2378,hmph,around,beneath,tromp,crest,lest,2025-02-18
2379,aw,trust,meal,wherever,officially,thankfully,2025-12-08
2380,waterspout,unsightly,after,capitalize,amidst,assist,2025-09-14
2381,mmm,aw,honestly,norm,uh-huh,always,2025-03-25
2382,crossly,as,drat,bah,consequently,righteously,2025-01-21
2383,unusual,exaggerate,duh,what,separate,oof,2025-04-05
2384,handle,failing,whose,aha,hm,standard,2024-09-09
2385,instantly,where,greatly,behind,inasmuch,boo,2025-05-28
2386,ick,narrow,ceramic,beneath,expatiate,except,2025-07-30
2387,patroller,hexagon,creaking,ferociously,barring,ouch,2025-11-21
2388,tenderly,redress,intrigue,famously,now,caption,2025-06-23
2389,sternly,though,waterspout,woeful,commandeer,disloyal,2025-12-01
2390,deep,neck,hello,swanling,whenever,cook,2025-12-31
2391,narrow,untrue,ha,untimely,whose,instructor,2025-07-04
2392,ick,from,rosemary,dental,likewise,aw,2024-07-14
2393,um,stable,whirlwind,aha,daily,unlucky,2025-09-05
2394,westernise,colorize,considerate,solemnly,woot,hmph,2024-11-29
2395,propound,inasmuch,nervously,likewise,overload,blah,2024-05-06
2396,ah,pfft,nab,psst,silk,tomorrow,2024-08-22
2397,solder,jungle,siege,lighthearted,ultimately,roughly,2025-07-07
2398,briskly,baggy,considering,bug,down,webbed,2025-04-16
2399,across,faithfully,in,circa,uncommon,uh-huh,2024-11-16
2400,psst,worth,slope,huzzah,afore,near,2024-06-08
2401,whether,when,ack,around,than,ferret,2025-03-07
2402,bogus,natural,sternly,barring,ugh,sans,2024-05-06
2403,excluding,pneumonia,boo,censor,book,pop,2025-01-28
2404,below,appreciate,selfishly,though,brightly,wallop,2025-03-26
2405,aware,powerful,conjecture,except,unsteady,miserly,2024-03-08
2406,cleave,obediently,e-mail,aha,until,that,2024-10-30
2407,sashay,gladly,inwardly,mysteriously,fooey,whether,2024-06-19
2408,insistent,rough,strictly,numb,during,like,2024-08-10
2409,alert,so,always,that,bruised,white,2026-02-17
2410,gastropod,consequently,convection,impractical,than,voluntarily,2025-04-29
2411,quietly,vice,loudly,darling,gah,phew,2026-02-20
2412,pack,gadzooks,per,excitedly,produce,lest,2024-11-15
2413,rudely,banish,unselfish,busily,commonly,hm,2024-05-20
2414,throughout,lively,unbearably,among,obedient,upon,2025-06-10
2415,rebuke,that,valuable,nimble,seemingly,an,2025-01-25
2416,confirm,minty,helplessly,state,elegantly,woot,2025-06-29
2417,gadzooks,oh,always,um,however,nor,2025-10-27
2418,colligate,unfortunately,for,grok,frankly,popularize,2025-08-21
2419,brr,gadzooks,joyful,dimly,procurement,bliss,2025-02-21
2420,though,mesh,quiet,towards,partially,across,2025-10-04
2421,which,unless,teammate,until,downright,ugh,2025-10-15
2422,necessary,inside,duh,into,the,reassemble,2024-11-01
2423,corner,settler,lest,yum,wearily,jump,2024-07-02
2424,unethically,smuggle,hm,attest,aboard,quirkily,2024-08-23
2425,yowza,opposite,instead,and,instead,among,2025-10-18
2426,section,fooey,hourly,mechanically,sustenance,absentmindedly,2025-02-16
2427,eyebrow,in,hairy,bustling,partially,sashay,2024-03-13
2428,expatiate,what,midst,shakily,gracefully,worth,2025-05-20
2429,huge,inspect,throughout,upon,yet,once,2025-04-25
2430,baseboard,charm,how,rally,inasmuch,hot,2024-12-01
2431,from,exacerbate,mechanically,judicious,meanwhile,versus,2024-12-17
2432,gosh,anti,yahoo,that,an,around,2025-01-30
2433,expert,ha,gah,square,recklessly,when,2024-03-16
2434,along,wafer,consequently,apostrophize,where,blond,2025-12-23
2435,recede,far,whole,yippee,vastly,remark,2025-10-26
2436,abaft,ironclad,knit,dereference,athwart,once,2025-02-24
2437,neglect,curse,lecture,vaguely,between,gripper,2024-12-15
2438,unto,watery,underneath,considering,dispose,whimsical,2024-11-01
2439,upward,selfishly,provided,simple,hassle,oh,2024-09-21
2440,meager,whoever,grass,investigate,between,yet,2024-05-19
2441,well,yet,slipper,boohoo,following,nougat,2024-03-15
2442,inasmuch,wrathful,excitedly,so,assail,aw,2025-09-08
2443,loaf,rejigger,agreeable,self-reliant,mortar,lustrous,2024-12-19
2444,publicize,stale,darling,a,although,ah,2024-08-14
2445,alongside,quietly,upon,duh,whenever,often,2024-03-31
2446,how,willfully,courageously,especially,dash,sad,2025-08-06
2447,transcend,publicize,usable,inasmuch,whoever,carefully,2025-07-31
2448,lest,unto,wherever,fooey,down,institutionalize,2025-02-03
2449,eek,pendant,though,ah,keenly,cautiously,2025-11-22
2450,stabilise,obedience,finally,unless,lest,whose,2025-06-07
2451,always,suffice,safeguard,incidentally,um,after,2025-08-12
2452,woot,geez,yippee,thick,clear,aw,2024-11-27
2453,instructive,flat,excepting,gadzooks,sleepily,sheepishly,2025-05-13
2454,adjourn,how,around,elegantly,brr,pause,2025-05-03
2455,eulogise,lowball,lamp,punctually,hepatitis,lock,2025-05-09
2456,complicated,famously,blindly,whose,newsprint,fooey,2025-06-09
2457,humor,whoa,tightly,gah,gym,restfully,2024-03-11
2458,merge,eek,upwardly,generally,before,irk,2025-03-18
2459,lest,below,provision,though,strong,maul,2024-05-02
2460,upon,carouse,famously,greedily,but,the,2024-07-31
2461,yowza,why,bah,CD,portly,rarely,2025-09-17
2462,testimonial,foretell,tarry,yuck,fervently,given,2024-07-09
2463,when,ugh,truthfully,baseboard,bitterly,wherever,2025-08-09
2464,monocle,distinct,hoarse,excepting,foolishly,since,2024-06-29
2465,abacus,flat,institute,before,duh,maul,2025-03-27
2466,and,now,iterate,phooey,yuck,forearm,2024-04-07
2467,lest,liberalize,which,pish,heavily,rue,2025-02-10
2468,pro,instead,violently,briefly,scare,smoke,2024-10-20
2469,instead,where,light,potentially,sour,ocelot,2024-10-25
2470,egg,augment,tenderly,warmhearted,through,odd,2025-05-28
2471,inasmuch,who,next,once,sad,sweetly,2025-04-20
2472,taxicab,duh,oh,and,swelter,amongst,2025-04-27
2473,deck,blowgun,anti,schedule,glossy,beyond,2025-10-06
2474,solvency,yahoo,sniveling,luck,but,lest,2024-12-17
2475,swerve,woefully,longingly,aha,ick,compromise,2025-12-10
2476,beyond,taxicab,woot,crystallize,eyeglasses,forenenst,2024-04-16
2477,swelter,valuable,urgently,aw,pish,cleave,2025-03-21
2478,nice,frequent,qua,overdue,once,catch,2026-02-03
2479,fiercely,youthfully,viciously,inside,unnaturally,gosh,2025-05-04
2480,psst,worthy,lazy,wherever,zany,tame,2025-09-24
2481,blah,uh-huh,muscat,brr,thorough,wilderness,2024-09-27
2482,castanet,subtle,sleepy,sun,but,since,2024-05-23
2483,joyously,inasmuch,eek,nor,frankly,skyline,2024-07-22
2484,yowza,below,outnumber,natural,black-and-white,zen,2025-09-27
2485,junior,upon,willfully,aside,justly,suitcase,2025-01-16
2486,blushing,incidentally,glass,from,carefully,outlaw,2024-03-14
2487,optimistic,gah,responsible,aha,relaunch,since,2025-03-08
2488,electrify,swim,despite,torn,condense,testing,2025-06-30
2489,scared,however,sleepily,aha,gently,forage,2024-09-29
2490,loaf,inasmuch,physical,ice-cream,government,boo,2024-07-05
2491,hoick,phooey,hm,whereas,poorly,oh,2025-05-13
2492,unusual,whose,apud,competent,psst,sediment,2024-06-26
2493,yahoo,into,when,fooey,shakily,before,2025-01-18
2494,obediently,pulverize,what,fair,except,ultimately,2024-09-15
2495,uh-huh,across,um,outside,haunting,norm,2024-03-24
2496,until,phew,ornery,why,impolite,lest,2024-09-26
2497,swat,meanwhile,pro,unbearably,the,overspend,2024-10-05
2498,without,meanwhile,incidentally,mob,dilate,ripe,2025-12-20
2499,gah,eek,lustrous,where,realistic,likewise,2024-10-23
2500,ditch,instead,supposing,pendant,hourly,hourly,2025-10-08
2501,yum,speedily,bathhouse,meh,retention,seldom,2025-10-24
2502,not,pish,usually,that,acceptable,realistic,2024-09-08
2503,bashfully,puff,now,proceed,besides,ack,2024-11-19
2504,tinderbox,beyond,lazy,while,hm,less,2025-02-07
2505,huzzah,pretty,round,er,follower,whereas,2024-11-18
2506,woot,whose,angle,unless,wear,huzzah,2025-04-06
2507,because,finally,duh,whether,genuine,sonar,2024-09-01
2508,unlike,duh,unto,crossly,overconfidently,punctually,2025-08-18
2509,to,swanling,propound,clone,eek,upbeat,2025-08-25
2510,if,huzzah,outnumber,fooey,anti,quadruple,2024-11-02
2511,crooked,grave,entwine,gah,oof,aha,2025-12-25
2512,per,through,crystallize,any,pillow,mobilise,2024-04-03
2513,phooey,mechanic,bar,eek,muddy,outside,2025-10-14
2514,bah,shrilly,pish,since,whose,unto,2025-07-21
2515,twin,motionless,tense,surprise,modulo,afore,2024-05-23
2516,whoever,huzzah,subexpression,content,tune-up,whether,2024-06-22
2517,supposing,now,sternly,petticoat,even,sternly,2024-08-12
2518,boo,ha,ostrich,linseed,waist,whoever,2025-05-03
2519,rekindle,foolishly,phew,rapidly,diversity,narrow,2024-08-02
2520,wound,absolve,whoever,finally,as,finally,2025-03-14
2521,yuck,woot,hm,brr,cripple,shadowy,2025-08-01
2522,extroverted,knotty,big,excepting,unless,whether,2025-11-12
2523,waist,than,once,since,foodstuffs,given,2025-09-06
2524,including,supposing,although,finally,radiant,yippee,2024-04-28
2525,feline,about,unhealthy,vacantly,ha,reiterate,2025-07-16
2526,minus,acclaimed,anesthetize,beneficial,newsprint,developmental,2024-04-12
2527,now,zany,backbone,after,for,how,2026-02-18
2528,between,accidentally,gah,nor,premise,overvalue,2024-08-05
2529,our,past,worriedly,marimba,concrete,beside,2024-10-22
2530,mountain,um,which,leading,furthermore,fidget,2024-09-17
2531,gosh,eek,what,damp,submissive,boohoo,2024-07-31
2532,considering,on,elliptical,busy,league,tremendously,2025-06-12
2533,whoa,faithfully,physically,yowza,boo,following,2024-11-18
2534,convection,eventually,fathom,joshingly,or,phooey,2024-05-11
2535,excluding,squirm,honesty,in,whereas,seldom,2024-03-12
2536,softly,er,excluding,bah,weight,exaggerate,2024-04-08
2537,while,misread,sharply,following,gadzooks,excitable,2025-02-02
2538,subtract,biodegradable,lid,yum,circumnavigate,gee,2024-02-28
2539,intermarry,narrow,fray,ample,ack,fooey,2026-02-15
2540,before,below,gleefully,crossly,except,blah,2026-02-15
2541,ha,pace,bracelet,whoever,if,delightfully,2026-01-01
2542,prioritize,barring,hence,muffled,tinderbox,which,2024-03-20
2543,wheel,till,cooperative,not,inasmuch,ack,2024-11-02
2544,zowie,outrageous,readily,uh-huh,now,instead,2025-08-14
2545,beside,lest,offset,hastily,quietly,geez,2024-04-26
2546,times,given,reopen,against,upright,tightly,2024-05-26
2547,gee,jubilant,whoever,frightened,ditch,expense,2026-01-12
2548,pfft,positively,throughout,mmm,save,stigmatize,2025-01-11
2549,pleasing,amongst,once,nippy,secondary,cluttered,2025-02-28
2550,as,academics,zowie,oxygenate,gee,sans,2024-06-23
2551,singing,convoke,ah,service,unless,nocturnal,2024-04-20
2552,plus,bruised,dismal,pop,briskly,watery,2024-04-06
2553,about,hm,brace,yum,altruistic,showy,2024-03-23
2554,pick,wedding,apud,healthily,brightly,override,2024-07-18
2555,psst,peony,gee,outside,vaguely,of,2025-12-02
2556,qua,shudder,hyphenation,delicious,interestingly,gust,2025-06-20
2557,sturdy,following,alongside,hence,certainly,casket,2026-02-19
2558,telescope,both,orchid,subtract,ultimately,scoff,2025-05-23
2559,stock,furthermore,tame,minister,gurn,unconscious,2026-01-28
2560,pants,ick,colon,hm,off,scenario,2024-07-11
2561,aside,gadzooks,indeed,abaft,beyond,sunbeam,2024-10-13
2562,but,conceptualize,out,ostrich,whether,up,2025-03-28
2563,overheard,phooey,whereas,boo,sans,back,2024-07-25
2564,circa,infamous,whereas,jumbo,graft,annual,2024-10-17
2565,who,zowie,nor,marimba,ah,gratefully,2025-06-14
2566,next,carelessly,mentor,clearly,grok,alongside,2025-11-23
2567,furthermore,via,among,pine,bobble,violently,2024-08-04
2568,overcoat,outside,stack,relieve,times,eke,2025-10-27
2569,slip,debit,ack,lest,rally,across,2025-05-12
2570,needily,hence,slather,but,uh-huh,blowgun,2025-11-04
2571,around,supposing,precious,woot,shear,delightfully,2025-06-11
2572,chainstay,incidentally,or,fooey,plus,aboard,2024-03-25
2573,among,worldly,early,ruddy,muddy,switchboard,2024-08-29
2574,apropos,despite,dusk,finally,whenever,er,2024-06-11
2575,alert,belabor,scarcely,ah,gah,descendant,2025-06-04
2576,uniform,whose,ick,ignorance,weekly,wise,2024-06-29
2577,jagged,warming,round,meanwhile,depot,follower,2025-03-07
2578,elegant,afore,hm,although,busily,when,2026-02-21
2579,accidentally,bobble,every,dearly,naturally,if,2025-03-02
2580,aw,forgery,festival,partially,indeed,aha,2024-12-17
2581,concerning,meh,hoof,willing,instead,though,2025-02-27
2582,enraged,ew,readily,since,what,below,2024-03-15
2583,armoire,icy,ha,wrathful,aw,mmm,2025-04-30
2584,never,black,webbed,equal,solidly,pfft,2024-03-02
2585,yellow,given,silent,that,doubtfully,clear-cut,2026-02-01
2586,likely,only,in,but,up,orderly,2025-05-26
2587,ruin,ski,madly,furiously,hoick,discrete,2025-10-03
2588,ick,next,lazily,reluctantly,waterspout,major,2024-03-21
2589,now,for,precious,since,whoa,nerve,2025-11-06
2590,weary,digital,reflate,manage,lamp,vivacious,2026-01-30
2591,whenever,lotion,anti,brilliant,failing,blue,2025-10-22
2592,yum,provided,badly,fat,drat,yahoo,2024-11-27
2593,consequently,mismatch,short,yummy,elver,meanwhile,2024-09-13
2594,wide,how,swanling,hefty,whoa,before,2025-01-08
2595,following,aboard,quarrelsomely,fiercely,adult,quash,2024-03-29
2596,down,bathrobe,actually,breed,brilliant,euphonium,2024-11-07
2597,stall,offset,phooey,gadzooks,yippee,aggravating,2025-12-12
2598,gracefully,mould,pish,weary,a,up,2024-08-06
2599,upwardly,hypothesize,wherever,drat,cheese,since,2024-08-23
2600,as,retrospectivity,gadzooks,stormy,and,ah,2025-08-18
2601,once,guilty,immediately,gadzooks,briefly,geez,2025-07-05
2602,circa,because,afore,whoa,below,deploy,2025-05-27
2603,onto,after,knowingly,help,gah,ouch,2025-07-29
2604,ski,since,midst,oh,oof,jaggedly,2024-06-03
2605,seemingly,per,likewise,beyond,ouch,and,2024-05-30
2606,swiftly,outdo,if,in,lest,unexpectedly,2025-10-14
2607,ack,nicely,meanwhile,fooey,tooth,gym,2025-08-19
2608,elderly,than,remorseful,yahoo,emulsify,phrase,2025-11-18
2609,stage,crank,cow,incidentally,underplay,even,2025-10-13
2610,at,while,youthfully,yieldingly,quick-witted,freight,2024-12-09
2611,sure-footed,halt,whether,pace,blah,account,2025-05-30
2612,gee,address,avalanche,uh-huh,generously,hmph,2025-09-16
2613,square,yum,and,posh,where,hm,2025-09-28
2614,voluntarily,afore,flickering,kissingly,fat,meh,2025-05-26
2615,collectivization,wolf,repeatedly,geez,kick,that,2026-02-17
2616,farmer,halt,considering,whereas,bench,overplay,2025-03-13
2617,tall,pace,gee,an,interestingly,tool,2025-04-16
2618,aw,commonly,abnegate,concerning,bid,impure,2025-08-23
2619,underneath,upbeat,how,hope,pronoun,certainly,2024-02-26
2620,unit,sesame,wherever,unless,for,gah,2024-12-03
2621,till,aha,lender,seldom,unripe,colonialism,2025-07-09
2622,pleased,inside,rationalize,oh,above,swear,2024-11-10
2623,hm,flowery,aha,by,deployment,swine,2024-08-22
2624,outlying,cuddly,custody,evenly,chasuble,defiantly,2024-02-29
2625,vista,viability,ouch,slather,microchip,phooey,2025-06-09
2626,along,biodegrade,joyfully,boohoo,intermesh,sorrowful,2025-06-23
2627,whoa,procrastinate,well,proselytise,however,gah,2024-08-06
2628,hose,courageous,trash,slide,truly,and,2025-01-17
2629,bah,unlike,upon,finally,what,coaxingly,2025-02-22
2630,weary,speedily,marimba,jogging,boo,reference,2024-06-25
2631,that,tenant,informal,wretched,both,marketplace,2024-06-11
2632,than,an,barracks,legging,wire,almost,2025-07-20
2633,er,however,so,who,miskey,pile,2025-04-14
2634,fatally,snuggle,or,acquaintance,yowza,ugh,2024-09-16
2635,anguished,sway,atop,softly,dramatize,between,2024-12-20
2636,however,until,stoop,drat,satirize,silent,2024-12-08
2637,elver,misguided,doubtfully,soft,factorise,celsius,2025-08-01
2638,though,indolent,definitive,yippee,times,innovation,2026-02-06
2639,density,standard,quarrelsomely,eek,duh,solace,2025-05-15
2640,confirm,rare,wherever,waist,how,unused,2024-03-07
2641,softly,kindheartedly,surprise,chops,flawless,colorfully,2026-01-29
2642,focused,atop,boo,where,faithfully,newsstand,2025-01-14
2643,negligible,uh-huh,past,fooey,along,connect,2025-07-17
2644,summer,manage,or,square,sour,before,2025-06-09
2645,smuggle,mild,which,evince,willfully,investigate,2025-11-13
2646,like,slap,pant,smarten,svelte,than,2025-01-25
2647,part,uh-huh,as,knowledgeable,unless,near,2025-09-11
2648,whereas,adjourn,yahoo,youthfully,rawhide,cinema,2025-06-27
2649,option,physically,gee,well-documented,annually,capitalise,2025-02-14
2650,anenst,fashion,er,lobster,on,gosh,2024-12-13
2651,closed,likable,commonly,inscribe,what,irritably,2024-08-19
2652,right,generously,up,mundane,democratize,huzzah,2024-04-14
2653,celebrate,notwithstanding,yowza,brr,outside,morbidity,2024-09-23
2654,yet,reasoning,hence,fooey,showboat,whenever,2025-01-29
2655,decent,incidentally,a,mmm,soon,fraternise,2024-08-15
2656,outrun,house,nervously,milky,meaningfully,shyly,2024-11-25
2657,cosset,circa,sport,ouch,hoick,up,2024-11-29
2658,uselessly,if,platter,mid,independence,veto,2025-10-24
2659,aha,about,celsius,sniveling,anaesthetise,usefully,2024-10-20
2660,verbally,indeed,kick,impossible,respectful,along,2025-10-18
2661,splash,as,across,skeletal,splash,eek,2024-10-10
2662,remand,viciously,why,quizzically,politely,remand,2025-07-20
2663,capsize,unimportant,incidentally,optimal,uncover,strategy,2026-01-03
2664,while,absent,allocation,unruly,simplistic,whenever,2024-03-22
2665,consequently,er,gosh,before,secret,carouse,2025-07-25
2666,kindheartedly,relative,ethical,despite,toward,energetic,2025-09-23
2667,flimsy,because,oh,sashay,swim,preside,2024-07-20
2668,yet,blink,that,chilly,oh,once,2024-03-19
2669,although,finally,yuck,and,indeed,phew,2025-07-21
2670,eek,object,near,huzzah,far,whenever,2025-05-01
2671,swat,sun,outrun,as,with,an,2026-01-25
2672,flawed,hose,warmly,cleave,drat,zowie,2025-01-05
2673,custody,toaster,drat,forceful,brave,desecrate,2025-02-05
2674,unaccountably,vivid,lazily,fortunately,instead,tenderly,2024-02-27
2675,unbearably,digestive,outflank,liberalize,till,curl,2025-01-25
2676,ferociously,deadly,provided,duh,until,precedent,2024-08-14
2677,eek,populist,last,equatorial,why,excitedly,2024-06-02
2678,whoa,because,whereas,ripe,thin,very,2025-01-10
2679,aboard,display,ick,mid,airline,badly,2024-07-05
2680,obtrude,versus,gah,hover,tedious,early,2026-01-21
2681,doodle,impressionable,decision,unsightly,who,boulevard,2025-03-21
2682,whereas,despite,investigate,lack,beneath,nervously,2024-12-16
2683,preclude,mmm,till,without,beautifully,scamper,2024-11-01
2684,jaggedly,gadzooks,beneath,mid,farmer,tail,2025-07-20
2685,bidet,draw,joy,experienced,to,bin,2025-10-30
2686,poppy,record,bah,eventually,so,suitcase,2024-05-31
2687,dramatic,so,mmm,upon,ick,willfully,2024-08-10
2688,and,bitterly,urgently,unfreeze,wry,despite,2025-02-03
2689,wide,appertain,gosh,carelessly,border,miserable,2025-04-25
2690,fleck,disrespect,jaunty,hm,stabilise,perfumed,2025-02-14
2691,down,usually,bah,validity,um,collaborate,2024-12-17
2692,spanish,what,incomparable,scary,after,doing,2025-02-25
2693,woot,pish,helpfully,season,because,duh,2024-08-07
2694,pricey,sparse,as,buttery,owlishly,vaguely,2025-05-03
2695,um,inasmuch,zealous,outnumber,pfft,metabolite,2024-11-14
2696,mockingly,disposer,separately,underneath,bootleg,other,2024-04-12
2697,truly,into,barring,oxidise,how,gleefully,2024-12-13
2698,vengeful,even,notwithstanding,now,optimistically,digitize,2025-08-17
2699,notwithstanding,loaf,although,the,awareness,sudden,2025-07-09
2700,notwithstanding,cosset,degrease,instructive,giving,before,2025-07-26
2701,which,knavishly,unless,shakily,notwithstanding,outfox,2025-12-11
2702,pfft,tribe,sonar,brr,to,whereas,2026-02-22
2703,blah,across,handsome,lest,anenst,to,2025-10-07
2704,including,the,chase,boohoo,outside,given,2024-05-15
2705,poetry,thigh,fill,carelessly,while,dereference,2025-02-27
2706,inasmuch,until,nightlife,afore,term,upward,2025-06-23
2707,burdensome,inasmuch,upright,boom,jazz,round,2024-11-30
2708,overcooked,acceptable,sleepily,ramp,halt,fundraising,2024-05-14
2709,bleakly,hydrolyze,gloat,rightfully,whine,quantify,2025-04-18
2710,describe,hold,jubilant,meanwhile,for,oof,2024-07-23
2711,righteously,spiffy,jaggedly,quaff,which,certainly,2024-05-19
2712,shakily,furthermore,emphasise,row,woot,cooperative,2024-09-21
2713,factorize,oh,doubter,till,defenseless,narrowcast,2025-05-12
2714,fully,supposing,tomography,until,acidic,ah,2024-11-12
2715,down,swill,gallivant,function,woot,noteworthy,2024-04-19
2716,solemnly,ostrich,far,past,prestigious,keenly,2025-11-27
2717,white,but,tuber,tributary,amongst,ouch,2024-09-15
2718,boohoo,orchestrate,messy,continually,barring,lid,2026-01-08
2719,about,ack,tame,innovate,breakable,however,2025-02-15
2720,arrogantly,intensely,sociable,bleakly,accentuate,wherever,2024-05-06
2721,monster,drat,gee,now,keenly,commercial,2024-03-03
2722,sometimes,libel,why,inspection,provided,since,2025-06-20
2723,whose,tinderbox,between,welcome,decriminalize,worthy,2024-04-20
2724,spear,outlandish,uh-huh,though,generously,neatly,2025-04-28
2725,midst,rarely,incidentally,where,granny,terrorise,2024-11-04
2726,till,sustenance,developmental,kindly,foolishly,leading,2025-06-20
2727,inquisitively,stunt,fixed,sonar,finding,strong,2025-02-10
2728,thorny,whoa,dream,meanwhile,legging,suddenly,2026-01-30
2729,eulogise,surge,if,blight,honored,blaring,2026-02-19
2730,tray,citizen,cosset,though,unlike,secret,2026-01-23
2731,zowie,profuse,tenant,psst,rear,failing,2025-08-12
2732,unless,successfully,tomb,knotty,brr,incidentally,2025-05-15
2733,loosely,drat,whenever,busy,video,often,2025-12-07
2734,adrenalin,overstay,concrete,athwart,but,powerless,2024-05-27
2735,medium,vivaciously,before,roundabout,ick,even,2026-01-20
2736,ah,whereas,and,besides,window,corner,2024-05-06
2737,outside,unless,save,underneath,govern,everlasting,2024-03-23
2738,toward,fairly,yum,meaningfully,um,under,2026-02-17
2739,microchip,decode,crocodile,till,bell,till,2025-03-14
2740,when,even,after,so,drab,indolent,2024-03-24
2741,gloat,accessorise,altruistic,among,although,carpool,2025-12-07
2742,sad,when,thrifty,whoa,boss,dock,2025-01-06
2743,if,penalise,deplore,cinder,scheme,punctually,2024-10-01
2744,self-confidence,because,catalyst,inside,scholarship,drat,2025-12-17
2745,numb,ha,pish,yum,oof,gloss,2024-09-27
2746,until,concrete,while,expert,drat,nearly,2025-12-04
2747,meatloaf,jury,brilliant,kiddingly,degrease,scrape,2024-10-15
2748,regarding,viciously,failing,haul,frizz,immense,2025-09-09
2749,arid,boastfully,unfortunately,debit,experienced,after,2024-03-12
2750,hopeful,instead,modulo,save,arbitrate,fairly,2024-08-23
2751,elevation,step,daddy,mmm,foretell,vice,2024-03-22
2752,wherever,plus,whether,acclaimed,which,indeed,2025-06-08
2753,bouncy,at,freezing,shear,scramble,making,2024-11-14
2754,controvert,oddly,than,lock,near,sham,2024-12-31
2755,profane,plus,whoever,er,tiny,beside,2024-03-20
2756,amongst,of,flame,appropriate,smoothly,intent,2024-10-25
2757,merge,mid,delightfully,instead,elevator,decongestant,2025-08-28
2758,till,toothpick,memorise,ouch,suitcase,questionably,2026-01-22
2759,phooey,warped,than,blindly,for,whereas,2026-01-16
2760,pro,accidentally,lumbering,throbbing,without,unripe,2025-09-02
2761,consequently,because,quaintly,narrate,lest,even,2025-05-19
2762,advertisement,circa,less,and,grok,carefully,2024-04-13
2763,fraudster,all,at,noisily,creator,slime,2025-08-25
2764,weekly,yellow,huzzah,amidst,complete,apropos,2026-02-13
2765,enrage,wherever,considering,mmm,negative,out,2024-12-21
2766,yum,task,perfection,among,testing,hole,2025-11-22
2767,dislocate,ouch,lest,unique,yahoo,powerfully,2025-06-29
2768,aw,contrail,stake,for,boohoo,eek,2025-01-27
2769,back,warmhearted,even,till,always,since,2024-05-29
2770,ha,although,blah,venture,showy,where,2025-12-31
2771,unto,excitedly,uh-huh,furiously,cinch,slump,2025-10-24
2772,circumnavigate,friendly,beloved,kindheartedly,bah,voluntarily,2025-04-14
2773,er,scoop,e-mail,splay,plump,punctuation,2024-09-23
2774,throughout,disk,address,braid,ajar,urgently,2024-09-08
2775,hence,criminal,notwithstanding,heavily,exactly,supposing,2025-06-24
2776,rigidly,though,provision,excitable,inquisitively,basket,2024-07-02
2777,hourly,where,tennis,decide,throughout,abacus,2024-11-23
2778,anenst,before,excluding,ice-cream,stylish,rich,2025-05-29
2779,funny,till,once,outside,fairly,given,2024-08-20
2780,worldly,familiar,barring,naturally,unless,stuff,2025-12-21
2781,amidst,evenly,wrongly,rapid,defensive,boohoo,2025-10-15
2782,dusk,memorable,hmph,round,orientate,including,2025-05-11
2783,tapioca,pillory,mortally,mmm,whose,coolly,2024-12-08
2784,evil,afore,deprave,warmhearted,intermarry,pleasure,2024-10-11
2785,outlandish,vice,anxiously,less,gray,commercial,2024-05-21
2786,mmm,wrongly,repurpose,yippee,accomplished,regarding,2024-03-17
2787,atomize,even,gape,sheepishly,till,but,2025-10-30
2788,trustworthy,yippee,notwithstanding,up,boo,with,2024-08-18
2789,calmly,salty,brandish,provided,however,given,2024-05-30
2790,impassioned,nauseate,on,treasure,rise,drat,2024-07-06
2791,tremendously,bench,loudly,underneath,close,pish,2024-10-18
2792,discontinue,ew,jaggedly,loudly,below,scarcely,2026-02-11
2793,etch,mmm,qua,wilderness,honorable,upside-down,2026-02-04
2794,considering,numb,ick,lest,drab,acquire,2024-02-25
2795,vice,meanwhile,astride,needily,weight,catalyst,2024-03-06
2796,merrily,unimportant,seriously,uh-huh,yum,unlike,2024-09-03
2797,yet,blah,event,crackle,that,indeed,2025-11-14
2798,although,toward,these,important,sustenance,greatly,2025-06-09
2799,aha,weird,scuffle,while,unaccountably,given,2025-09-28
2800,flint,quicker,after,upward,duh,incidentally,2025-02-17
2801,provided,iterate,woot,slushy,knavishly,bowed,2024-12-02
2802,after,sometimes,dramatize,perfectly,till,clamor,2025-10-11
2803,considering,instead,nectarine,above,huzzah,hm,2025-10-06
2804,so,afore,now,pick,sleepily,cycle,2025-05-02
2805,lest,cap,finer,critical,how,yet,2024-07-11
2806,after,pfft,sequester,if,merge,uncommon,2024-05-24
2807,pace,jealously,amidst,remorseful,why,procrastinate,2024-09-30
2808,huzzah,er,whether,furthermore,but,untimely,2026-02-10
2809,minus,portly,idealistic,loudly,grimy,chairperson,2026-02-01
2810,angrily,guidance,rationalize,woot,eventually,ah,2025-01-29
2811,zebra,electronics,so,pigsty,quash,uselessly,2025-07-14
2812,regarding,jump,pitiful,salty,secularize,season,2024-11-15
2813,drab,whoever,warp,wedge,dutiful,which,2024-10-11
2814,symbolise,incidentally,ramp,eternity,unabashedly,of,2025-11-13
2815,below,but,fooey,coolly,apropos,finally,2025-04-11
2816,outbid,aside,volleyball,famously,urgently,intrepid,2025-07-28
2817,taxicab,solemnly,whereas,surge,deliberately,afford,2025-04-20
2818,whether,internationalize,scowl,reboot,tedious,pfft,2025-05-10
2819,agreement,ugh,besides,ack,after,reasonable,2025-03-03
2820,pfft,garage,owlishly,instead,overconfidently,softly,2025-05-10
2821,wetly,lyre,enfold,expensive,ha,made-up,2025-02-26
2822,tenderly,gadzooks,anxiously,accurate,speedily,rewarding,2024-03-26
2823,plan,horst,deeply,yahoo,lest,pomelo,2025-10-10
2824,primary,questionably,obsess,seafood,fit,till,2024-12-13
2825,qua,which,bitterly,jubilantly,substantial,stable,2025-11-03
2826,ugh,hoof,easy,gosh,mean,gorgeous,2024-05-28
2827,yahoo,about,yowza,pilot,nervously,sentimental,2025-07-02
2828,runny,how,culture,who,bah,for,2026-02-12
2829,internalise,essence,outrank,with,greedy,ouch,2025-06-03
2830,and,roadway,yet,exactly,instantly,between,2024-05-19
2831,till,tabletop,zany,misguided,energetically,presell,2025-08-06
2832,that,throughout,granny,incidentally,after,warmhearted,2024-07-27
2833,unlike,simple,fluctuate,char,obnoxiously,per,2024-06-13
2834,beside,furthermore,offensively,version,outside,vary,2025-11-08
2835,unimportant,incinerate,curiously,as,failing,urgently,2025-08-16
2836,championship,meh,quirkily,meh,voluntarily,definitive,2025-12-10
2837,willfully,excitedly,roger,better,about,nor,2025-02-07
2838,haze,ew,militate,modulo,off,ignorance,2025-03-05
2839,unto,below,dearly,practical,hype,except,2025-09-08
2840,unto,gulp,urban,solemnly,circa,physical,2024-06-14
2841,insist,round,boiling,quip,hovel,whoever,2024-06-16
2842,chairperson,ugh,aha,accurate,postbox,what,2025-09-14
2843,whoa,hence,towards,birdcage,atop,steeple,2025-08-26
2844,all,eek,chiffonier,brr,till,babushka,2024-12-29
2845,than,barring,disclosure,until,slide,scruple,2024-12-30
2846,ick,pfft,outside,although,institutionalize,fervently,2025-04-02
2847,ponder,ack,hippodrome,militate,godparent,chap,2024-11-09
2848,along,how,unlawful,which,tensely,dandelion,2025-12-30
2849,quicker,pish,down,pity,pliers,consequently,2024-09-01
2850,analyse,ingratiate,prime,considering,splendid,since,2025-08-22
2851,dependent,badly,meh,apud,aboard,pertinent,2024-06-02
2852,thorough,eek,despite,boo,slink,psst,2025-01-12
2853,serve,jovially,murky,instead,ack,deceivingly,2025-05-24
2854,ah,terribly,wherever,below,homely,summer,2024-04-13
2855,whereas,terribly,before,oh,among,even,2025-08-12
2856,fantastic,low,blaspheme,though,manipulate,pro,2025-07-02
2857,planula,acidly,conservation,including,pliers,below,2024-07-12
2858,courteous,yippee,instance,till,overconfidently,outrank,2025-05-13
2859,louse,wherever,eek,whereas,blowgun,waterspout,2026-02-21
2860,custody,circa,shrill,pants,large,infinite,2024-04-07
2861,persecute,phew,ha,since,illustrious,cop-out,2024-06-13
2862,forenenst,powerfully,dependency,trench,athwart,woot,2024-08-25
2863,because,enormously,delectable,slap,but,psst,2025-05-11
2864,faithfully,horn,gadzooks,because,improbable,triangular,2024-07-23
2865,nor,under,drat,duh,account,softly,2025-04-08
2866,rarely,concrete,verbally,when,clone,like,2025-04-23
2867,apropos,broadside,oof,astride,nor,why,2024-11-13
2868,against,massage,kindheartedly,total,posh,although,2024-12-27
2869,onto,beside,next,an,but,zowie,2024-04-05
2870,fooey,pish,ugh,gadzooks,commodity,glittering,2024-08-30
2871,outdo,as,basket,bump,providence,optimistically,2024-04-29
2872,ugh,delete,frail,yearningly,following,hence,2025-02-23
2873,yieldingly,proofread,aw,about,search,embed,2024-04-23
2874,excess,excited,why,unearth,webbed,whoa,2025-11-21
2875,alongside,rout,which,who,but,nearly,2024-09-23
2876,vein,since,comparison,shakily,broadside,what,2026-02-13
2877,afore,yuck,bidet,sweetly,decouple,federate,2025-05-29
2878,searchingly,descriptive,tankful,question,indeed,thrifty,2024-09-17
2879,madly,contrail,trim,psst,terraform,rare,2025-03-28
2880,well-worn,obnoxiously,often,ew,immediately,properly,2024-08-21
2881,drat,before,above,fully,before,horn,2025-11-09
2882,keenly,blissfully,furthermore,meanwhile,oval,reassuringly,2025-08-19
2883,although,fair,brr,mythology,hence,whether,2025-02-13
2884,geez,lightly,emboss,unexpectedly,inasmuch,off,2025-04-03
2885,diligent,wonderfully,how,creak,overcook,vastly,2025-07-24
2886,subdued,an,boohoo,jubilantly,uneven,season,2025-03-04
2887,save,under,favorable,willing,muddy,where,2024-04-07
2888,surprisingly,frankly,outrun,chunder,including,whether,2025-05-07
2889,construe,once,euphonium,brr,pro,as,2024-12-29
2890,though,advancement,reckon,stealthily,except,or,2025-07-08
2891,forenenst,painfully,soulful,familiarize,but,pasta,2025-03-04
2892,now,focalise,publication,armoire,loftily,monthly,2024-07-13
2893,broadside,till,through,possible,considering,brilliant,2025-09-10
2894,as,opposite,make,truthfully,bleakly,till,2026-01-22
2895,ugh,modulo,versus,whoa,closed,deliquesce,2025-06-25
2896,pro,singing,contrail,extension,duh,relative,2024-08-03
2897,physically,indeed,excited,cooperative,emboss,save,2024-09-18
2898,ignite,unwritten,lonely,anti,worth,bleach,2024-05-02
2899,rowdy,alongside,instead,attraction,cross-contamination,earth,2025-02-05
2900,trash,incidentally,vamoose,neck,mysteriously,peony,2025-01-05
2901,um,secularize,planula,desk,parallel,strange,2025-08-11
2902,on,provided,even,excepting,agreeable,long-term,2024-08-23
2903,smoothly,at,celebrated,beneath,muffled,consequently,2024-08-22
2904,skateboard,aha,notwithstanding,whimsical,electrify,brochure,2024-12-04
2905,absentmindedly,righteously,ah,mechanic,yum,adult,2025-03-27
2906,ultimately,sew,when,what,amongst,er,2026-02-12
2907,underpants,for,thoroughly,concrete,stupendous,kindly,2024-06-27
2908,ick,govern,powerfully,refute,overcoat,speedy,2024-03-18
2909,see,punctually,weakly,accurate,aw,hydrant,2024-08-09
2910,devil,fooey,youthful,incidentally,underneath,gadzooks,2026-01-11
2911,catalyst,hm,bustling,stable,oof,gulp,2024-11-30
2912,marvelous,brand,brood,upon,oh,worth,2025-09-18
2913,surge,subsidy,hefty,blushing,briefly,following,2025-03-08
2914,observe,than,or,apologise,heating,towards,2024-07-23
2915,discrete,miserably,upright,sideboard,negative,with,2024-11-27
2916,solidly,tomorrow,minor,understated,youthfully,information,2024-09-06
2917,valiantly,hoick,mesh,athwart,where,however,2025-08-31
2918,mortally,greedy,boohoo,metabolite,icebreaker,until,2025-09-18
2919,boiling,banish,save,unbearably,or,ugh,2025-04-12
2920,powerful,mmm,from,above,wherever,misappropriate,2024-09-30
2921,angle,marketplace,reschedule,unusual,difficult,gleefully,2025-09-07
2922,freezing,grandiose,hence,cautiously,equally,sneak,2025-12-17
2923,over,bah,finally,uh-huh,instead,hmph,2025-03-01
2924,numb,upwardly,an,forenenst,calmly,aw,2025-05-08
2925,bleakly,premier,dependency,galoshes,who,furthermore,2025-07-16
2926,how,carefully,among,among,husky,derby,2026-01-28
2927,phooey,afterwards,oh,yum,less,huzzah,2024-08-05
2928,gah,with,shanghai,from,crushing,deer,2024-06-29
2929,thoroughly,hyphenation,entrench,valentine,furthermore,although,2024-10-22
2930,cuckoo,ugh,um,piglet,hence,beautifully,2024-09-11
2931,bitterly,especially,hence,hm,gee,obvious,2024-05-12
2932,given,settler,knowledgeably,crank,venture,although,2025-10-11
2933,bathhouse,valentine,miserable,entomb,huzzah,interestingly,2025-11-05
2934,tank,yowza,um,where,fortunately,impish,2024-11-09
2935,reclassify,between,forceful,optimistically,into,breed,2025-06-23
2936,middle,from,tarry,misread,wicked,dream,2025-03-17
2937,habit,thongs,relieve,whenever,whose,accidentally,2025-05-11
2938,righteously,from,however,off,refine,daintily,2025-10-18
2939,hungrily,towards,give,clearly,perky,lest,2026-01-13
2940,natural,oily,besides,whose,ew,provided,2026-01-08
2941,expense,eventually,rightfully,including,march,bewail,2025-11-02
2942,that,overcharge,hmph,now,evince,emotional,2025-03-17
2943,crocodile,but,lobotomise,embarrassment,nerve,beneath,2024-05-19
2944,amongst,eek,since,what,supposing,circle,2025-11-20
2945,trek,traditionalism,antagonize,to,yesterday,towards,2024-10-29
2946,inasmuch,slowly,discourse,beret,gastropod,disappointment,2025-10-14
2947,impact,except,regarding,graft,factorize,mortar,2024-12-25
2948,structure,next,bleakly,ew,govern,which,2025-08-26
2949,scornful,scarily,kit,ick,treasure,political,2025-04-01
2950,solvency,squirm,ew,unkempt,while,regarding,2025-11-07
2951,knowingly,orientate,coaxingly,er,er,anticodon,2025-04-03
2952,kissingly,regarding,weakly,or,supposing,incidentally,2025-03-17
2953,consistency,huzzah,entrench,fraudster,hmph,cork,2024-07-25
2954,pfft,regarding,throughout,hence,brave,provided,2025-04-08
2955,yet,pile,shrill,sediment,sun,ah,2025-04-12
2956,aha,afterwards,off,foretell,whether,yet,2025-02-08
2957,until,fooey,yuck,optimistically,ornate,till,2024-02-25
2958,abacus,er,doubtfully,irk,bah,ha,2025-12-25
2959,arid,as,fence,whose,failing,smoothly,2024-09-20
2960,markup,among,frankly,carboxyl,instead,neaten,2024-05-31
2961,disclosure,since,with,sock,pretend,small,2024-09-05
2962,inside,overspend,huzzah,evenly,passport,till,2024-03-13
2963,airmail,unto,within,likewise,meanwhile,restfully,2025-06-18
2964,even,what,untrue,creator,gosh,gnaw,2025-04-07
2965,happily,truly,mushy,rotating,whirlwind,fund,2024-07-29
2966,vibrant,as,doubtfully,flat,vet,save,2025-12-21
2967,though,because,until,uh-huh,stealthily,venture,2025-12-08
2968,yearly,always,unabashedly,ick,apud,before,2025-10-31
2969,once,which,agreeable,hmph,boo,controvert,2024-03-18
2970,boohoo,until,indeed,whether,woot,whoa,2024-12-19
2971,lasting,pinstripe,after,beneath,yuck,finger,2025-04-19
2972,switch,typify,accompany,enormously,teriyaki,in,2025-04-22
2973,badly,limp,spring,likewise,sprinkles,brr,2025-03-21
2974,taxicab,impartial,loyally,geez,gosh,aboard,2024-07-07
2975,kindheartedly,yippee,majestic,mediocre,after,triumphantly,2024-03-02
2976,before,juvenile,devise,sidetrack,yum,utterly,2025-03-28
2977,nautical,how,override,immediate,nor,parallel,2025-05-14
2978,the,ack,oh,vain,scornful,imaginative,2024-04-22
2979,adaptation,replacement,fixed,pace,whirlwind,angelic,2026-01-08
2980,convection,jive,operating,pfft,midst,as,2025-07-11
2981,elliptical,difficult,aw,thyme,stack,excitable,2025-11-19
2982,despite,wherever,dishearten,shrill,mmm,colorfully,2026-01-21
2983,whose,um,tensely,authorized,worth,stint,2024-10-06
2984,far-off,bob,ugh,pro,exonerate,restfully,2025-06-18
2985,that,although,season,duh,successfully,lest,2025-08-31
2986,yieldingly,even,though,mysteriously,who,internal,2025-06-17
2987,incinerate,hmph,jittery,out,without,unwilling,2024-04-24
2988,sit,hasty,cooperative,dazzling,weakly,tentacle,2024-02-27
2989,besides,as,woot,lend,unfreeze,unto,2024-03-03
2990,deflect,on,even,demobilise,across,zowie,2025-07-25
2991,aw,boohoo,rule,that,vivid,nor,2024-12-14
2992,astride,what,what,failing,mobility,awareness,2025-02-04
2993,haul,mispronounce,plus,generally,fooey,instructor,2024-11-23
2994,blah,aha,netsuke,distorted,limp,shout,2024-03-02
2995,stump,who,aside,lampoon,hunger,internalize,2025-10-19
2996,indelible,providence,battle,victoriously,motivate,before,2025-11-23
2997,mould,hungrily,unkempt,ostrich,baritone,violent,2024-07-31
2998,thoughtfully,ah,whenever,instead,dependable,barring,2024-02-26
2999,underneath,minus,curly,lock,nor,meaningfully,2025-12-06
3000,black-and-white,throughout,tidy,huzzah,yum,perfectly,2025-11-22
3001,immediately,fooey,prime,hm,duh,regulate,2025-02-06
3002,since,foolishly,phew,doodle,fraudster,gosh,2025-10-31
3003,ready,inside,pace,beneath,as,into,2025-11-23
3004,through,phooey,whack,reproachfully,colligate,intently,2025-02-27
3005,disposer,meh,dead,mash,finally,interior,2025-03-02
3006,thoroughly,once,lifestyle,honorable,offset,bonnet,2025-07-31
3007,lady,colossal,boo,supposing,boohoo,expostulate,2024-11-24
3008,whose,flash,meal,huzzah,supposing,where,2024-06-27
3009,musty,mismatch,inasmuch,aw,joshingly,statue,2025-07-27
3010,bah,godfather,ack,gift,to,next,2025-12-22
3011,so,yet,which,gosh,eventually,major,2025-03-04
3012,boo,criminal,tightly,ah,ew,misread,2025-10-18
3013,yowza,pixellate,versus,ah,resort,pish,2025-04-01
3014,cantaloupe,usually,absent,whereas,between,if,2024-03-15
3015,jogging,until,joshingly,clinch,reword,eek,2025-02-14
3016,record,ha,great,swanling,once,shoulder,2024-11-02
3017,after,ingratiate,greedily,regular,inasmuch,aw,2025-11-26
3018,pfft,amidst,aggressive,over,when,luck,2025-01-27
3019,yum,gadzooks,phony,yum,next,times,2024-12-15
3020,willfully,conceptualize,accelerator,happy-go-lucky,although,bah,2025-11-18
3021,leading,scowl,battle,waterspout,segregate,meh,2025-04-29
3022,over,needily,cauliflower,gee,joshingly,incandescence,2024-12-19
3023,frequent,outrank,eek,angrily,antelope,judgementally,2025-08-24
3024,perfectly,about,zebra,gift,shark,longingly,2024-06-01
3025,riser,ha,meh,concrete,accept,until,2024-03-11
3026,forenenst,markup,shrill,near,fabricate,before,2026-02-14
3027,fooey,phew,woot,brush,whoever,exonerate,2025-01-25
3028,polarisation,admired,in,via,cosset,eventually,2025-06-10
3029,vice,inquisitively,connect,ameliorate,gym,ack,2025-12-04
3030,diligently,hunger,circa,longingly,lovingly,husk,2025-06-17
3031,astride,knotty,gnaw,arrogantly,since,so,2025-07-05
3032,about,arrange,arraign,wordy,queasily,geez,2025-04-17
3033,meh,polite,beautifully,consequently,taxicab,lightly,2025-02-16
3034,certainly,seldom,row,as,ameliorate,leading,2025-07-22
3035,vice,wicked,coincide,aside,massive,pilot,2025-10-16
3036,before,penalise,instead,following,tomography,needily,2025-07-27
3037,hover,fooey,judgementally,meanwhile,yowza,useless,2024-11-12
3038,well-lit,flint,within,ouch,every,duh,2025-06-19
3039,wherever,sinful,with,populist,pink,drat,2024-11-11
3040,woot,surprise,a,whether,eek,provided,2025-04-08
3041,verbally,publicize,tattered,meager,quietly,exhaust,2025-03-04
3042,whoever,phooey,excepting,whereas,prejudge,cutlet,2025-03-28
3043,pfft,account,along,ugh,duh,idolized,2024-08-18
3044,etch,brr,patiently,enormously,grade,swim,2024-09-21
3045,separately,nor,flowery,whoa,happily,taxicab,2024-12-09
3046,wherever,fooey,defiantly,decision,incomplete,ugh,2026-01-30
3047,weighty,except,brr,terribly,populist,justly,2024-12-20
3048,knickers,less,gee,recede,yahoo,defiantly,2024-09-16
3049,hospitable,nun,lightly,long,wilt,kissingly,2025-10-26
3050,yet,gah,pessimistic,poppy,as,good,2024-09-12
3051,hm,for,yum,bind,splosh,lightly,2025-11-24
3052,waltz,behind,an,navigate,before,before,2025-04-17
3053,nor,without,suddenly,given,minus,majestically,2024-07-16
3054,gosh,fledgling,rout,meh,whereas,minus,2024-10-10
3055,pleasant,utilization,for,joyous,swine,instead,2025-11-21
3056,horse,intervention,tooth,astride,unwilling,healthily,2024-08-09
3057,stylish,above,boohoo,into,airbus,platter,2025-08-27
3058,cinder,inasmuch,wide,to,absent,woot,2024-07-01
3059,irritably,concerning,what,lieu,pacemaker,till,2026-02-10
3060,duster,silt,gosh,explode,worse,etch,2025-08-06
3061,typify,known,willfully,regularly,yet,or,2025-09-17
3062,per,kookily,knottily,if,rosin,save,2025-01-21
3063,ha,motor,too,helplessly,for,sup,2025-06-07
3064,bind,release,round,readily,until,er,2024-12-20
3065,pity,thoughtfully,stack,ready,however,mozzarella,2025-07-05
3066,so,lively,often,youthful,appropriate,sweatshop,2025-02-22
3067,polarisation,whenever,hello,abnormally,quintessential,zesty,2025-07-25
3068,hopeful,now,duh,whether,or,silent,2025-01-31
3069,cool,helpfully,yum,typeface,meh,phooey,2025-07-16
3070,suffice,unbearably,ascribe,though,even,like,2025-10-28
3071,very,husband,disrespect,fort,question,beneath,2025-11-22
3072,meanwhile,bulky,until,innocently,loosely,bleakly,2025-10-14
3073,scamper,webbed,indeed,woot,briefly,yuck,2024-05-25
3074,role,shrilly,sham,siege,crushing,anneal,2024-06-10
3075,given,busily,pasta,even,international,mmm,2024-05-07
3076,aboard,intensely,disclosure,ack,minus,or,2024-10-10
3077,huzzah,casket,smoke,strictly,scratchy,to,2025-08-17
3078,worth,easy,ugh,gah,from,honestly,2024-03-23
3079,yuck,slip,but,scratch,husk,uh-huh,2025-11-18
3080,cauliflower,er,sightseeing,procrastinate,frightfully,palatable,2025-03-27
3081,weakly,haze,urgently,neighboring,made-up,accept,2025-03-06
3082,galvanize,orientate,scientific,attend,doorpost,as,2024-11-04
3083,scout,hm,yarmulke,shred,psst,quietly,2024-11-28
3084,whoever,tempting,outside,round,if,rectangular,2024-07-06
3085,likewise,carpool,boastfully,boo,fond,yearningly,2025-04-27
3086,stratify,stunt,ruin,aw,fooey,shallow,2026-01-25
3087,usefully,inasmuch,agreeable,feather,concerning,gloat,2025-01-01
3088,swim,yeast,yowza,ugh,outrank,triumphantly,2025-03-21
3089,yippee,including,inasmuch,notwithstanding,foot,recklessly,2025-07-22
3090,coliseum,gadzooks,where,mmm,busily,sheathe,2025-04-20
3091,yippee,apud,battle,fantastic,clonk,because,2025-11-23
3092,once,multicolored,put,because,overcooked,ick,2024-04-19
3093,till,mid,old,besides,usher,snoopy,2025-03-18
3094,than,courageously,unnecessarily,sidetrack,aw,awkwardly,2024-09-13
3095,inside,pleasant,nor,while,ocelot,shrilly,2025-02-19
3096,plait,vague,as,gad,where,sadly,2026-01-29
3097,before,mothball,prioritize,er,hence,yuck,2024-05-27
3098,inside,per,gum,limply,beside,descriptive,2025-10-14
3099,promptly,aha,for,gleefully,fantastic,around,2024-10-01
3100,despite,what,orchid,fill,ugh,through,2024-11-25
3101,shanghai,where,slap,forenenst,perfectly,apud,2025-09-22
3102,eggplant,finally,that,swing,altruistic,husk,2024-09-30
3103,fiercely,toady,except,tabletop,gee,vulgarise,2024-04-17
3104,luck,including,finally,hmph,ick,overconfidently,2024-11-17
3105,crumble,sesame,publicize,criminal,yippee,repeatedly,2025-02-18
3106,beret,difficult,second,for,unless,abaft,2025-01-22
3107,keenly,anti,snow,question,mockingly,roughly,2024-03-23
3108,interior,alongside,imagineer,within,genuine,triumphantly,2024-05-31
3109,phew,crooked,spring,what,brightly,rue,2024-10-11
3110,for,cruelly,above,cinch,regular,ill-fated,2025-08-11
3111,so,about,concerning,blah,meh,which,2024-10-17
3112,design,beside,as,kookily,apud,christen,2024-04-11
3113,forgather,fen,fort,pfft,versus,nab,2025-02-10
3114,woot,cash,after,ape,once,versus,2025-04-03
3115,psst,knavishly,lowball,declaration,hmph,phooey,2024-03-16
3116,step,blah,allocation,greatly,nudge,over,2026-01-31
3117,deselect,except,instance,round,fond,ugly,2024-11-22
3118,nutritious,reassuringly,tapioca,since,since,stratify,2024-09-17
3119,sheepishly,think,ew,enroll,oof,woot,2025-11-10
3120,wriggler,rubbery,over,though,cleverly,upright,2025-10-22
3121,oof,aha,less,toward,surprisingly,hmph,2024-08-04
3122,elver,thoroughly,messy,for,tousle,voluminous,2024-06-19
3123,inveigle,pupil,owlishly,indeed,unfreeze,likely,2026-01-01
3124,charlatan,pike,midst,aha,account,replicate,2025-10-29
3125,yahoo,neat,stigmatize,geez,above,when,2024-08-20
3126,hmph,madly,round,giant,whereas,irresponsible,2025-05-21
3127,ha,come,quarrelsome,aw,whether,failing,2024-06-16
3128,maul,smarten,meanwhile,providence,puzzled,incidentally,2025-01-17
3129,readmit,what,monasticism,airman,as,intently,2025-10-08
3130,derby,vast,without,oh,boastfully,unlike,2025-08-26
3131,ugh,huzzah,given,considering,up,inside,2025-09-12
3132,ah,aha,finally,gift,whenever,duh,2024-03-22
3133,allocation,shrill,of,sit,concerning,silently,2025-05-07
3134,enormously,circa,rapidly,amid,what,rout,2024-04-28
3135,yawningly,schlep,nearly,accomplished,psst,tremendously,2025-05-09
3136,platypus,across,likewise,only,gee,yippee,2024-08-24
3137,whose,eventually,although,than,neat,gifted,2024-06-12
3138,fooey,furthermore,too,gee,whose,average,2025-05-22
3139,edible,supposing,silently,calculus,phooey,banish,2025-04-19
3140,whether,understanding,adventurously,yahoo,altruistic,card,2025-01-28
3141,dredger,abnormally,what,drat,huff,how,2025-05-06
3142,some,blind,CD,righteously,about,worth,2024-07-07
3143,strategy,yahoo,yearly,furthermore,beside,madly,2024-10-16
3144,rejoin,for,unnaturally,almost,baseboard,huzzah,2025-04-27
3145,leading,common,distant,exalt,waterspout,almighty,2024-04-09
3146,scarily,monumental,joyful,amongst,brr,glass,2024-11-18
3147,um,reassuringly,pish,excluding,weary,on,2024-06-13
3148,editor,searchingly,whose,alongside,mouser,morbidity,2025-07-14
3149,shipper,furthermore,fantastic,greedy,reassuringly,bicycle,2024-10-07
3150,phew,fess,twin,skateboard,browse,animated,2025-05-25
3151,inasmuch,wisely,reword,minus,after,yearly,2025-07-14
3152,tackle,of,sans,evenly,uncork,soliloquy,2025-05-25
3153,bah,smooth,mask,since,ha,order,2024-04-26
3154,since,ah,acquaintance,unless,knottily,sway,2025-08-24
3155,enormously,outlandish,aw,excluding,when,coast,2026-01-11
3156,appropriate,revere,truly,fraudster,aha,inside,2024-06-17
3157,blah,when,although,inhibit,bookcase,aha,2025-12-13
3158,beyond,meanwhile,knavishly,grandson,rebound,a,2025-04-14
3159,aside,outgoing,far-flung,athwart,into,fooey,2024-03-03
3160,cook,unlike,fuzzy,behind,nervously,after,2024-09-28
3161,lest,so,babushka,although,classic,flood,2025-09-07
3162,likewise,oddly,hydrolyse,footrest,bloom,claw,2024-08-10
3163,daddy,bowler,fooey,hm,eminent,pluck,2025-07-11
3164,final,rebuild,devoted,unlike,until,ripe,2025-11-19
3165,shiny,commemorate,what,chatter,stock,till,2024-11-01
3166,amid,segregate,ha,ordinary,cassava,gosh,2025-11-06
3167,dim,left,wide,whoa,since,likewise,2024-03-23
3168,incidentally,troubled,greatly,enormously,amongst,manage,2025-08-09
3169,unconscious,till,besides,tinderbox,unless,contrast,2026-02-01
3170,and,whoa,cruelty,about,excitable,frizzy,2025-08-19
3171,scenario,apud,pro,overreact,now,what,2026-02-08
3172,um,yesterday,who,swine,onto,bandwidth,2024-03-21
3173,enthusiastically,abaft,now,victoriously,although,furthermore,2024-04-01
3174,positively,sans,whose,oblong,vengeful,that,2025-10-21
3175,astride,unnaturally,finally,segregate,not,how,2025-09-18
3176,against,daddy,lawmaker,about,as,bad,2025-05-12
3177,psst,foolhardy,steak,list,toothpick,disrespect,2026-01-26
3178,incidentally,psst,ha,like,essence,see,2024-07-26
3179,while,whoever,hammock,worriedly,modulo,scotch,2025-06-04
3180,muscat,emerge,mmm,superior,but,delectable,2025-01-26
3181,density,following,from,underneath,dead,peony,2025-02-01
3182,throughout,since,an,affect,malfunction,lovable,2025-12-01
3183,enlightened,hefty,redesign,forenenst,knowingly,trolley,2025-12-20
3184,microchip,from,inasmuch,as,against,phew,2025-02-25
3185,opera,only,yowza,what,limply,loose,2024-11-06
3186,gladly,window,perfectly,seafood,how,what,2024-11-28
3187,failing,than,dearly,yahoo,instead,interesting,2026-01-20
3188,militate,attraction,tricky,oh,flight,crazy,2025-12-22
3189,meanwhile,husk,testimonial,cappelletti,brightly,besmirch,2025-02-03
3190,ah,of,blah,in,dissemble,revitalise,2025-12-14
3191,once,uh-huh,brr,correctly,yowza,ditch,2024-10-30
3192,longingly,gallivant,from,suspiciously,consequently,blah,2026-01-03
3193,quicker,if,and,gad,pish,polarisation,2024-06-30
3194,atop,ligate,dock,psst,sonnet,educated,2025-11-03
3195,apropos,boohoo,hmph,ack,sure-footed,euphonium,2024-12-13
3196,whereas,sunder,far-flung,despite,exactly,meh,2024-12-03
3197,window,bob,bump,finally,though,jittery,2024-08-15
3198,who,vista,and,likewise,slight,though,2025-06-03
3199,cow,writ,own,given,euphonium,when,2025-08-09
3200,round,kit,successfully,blend,fooey,gently,2025-06-20
3201,thorough,jaggedly,interior,inasmuch,fledgling,following,2025-02-26
3202,bowed,relaunch,brr,until,far,roger,2024-09-02
3203,adventurously,miserably,object,light,joyful,mash,2024-06-25
3204,oddball,dull,vivaciously,unwelcome,wherever,onto,2024-02-26
3205,quicker,around,ouch,bleakly,behind,striking,2025-04-07
3206,highly,quizzically,abaft,from,among,vacantly,2025-04-09
3207,appreciate,brightly,oval,weighty,construe,inhibit,2025-05-01
3208,whoever,analogy,which,salty,whoa,hassle,2025-12-28
3209,pinion,rudely,obvious,instead,leading,faithfully,2024-03-17
3210,scramble,provided,er,drat,part,noxious,2024-06-11
3211,tender,politely,after,basic,undergo,complete,2024-12-28
3212,where,tarry,finally,cease,who,regarding,2025-01-28
3213,pfft,even,horde,how,thoughtfully,less,2024-11-26
3214,upside-down,programme,expensive,team,furthermore,yum,2025-09-03
3215,analogy,meaningfully,frizz,quinoa,with,among,2025-11-30
3216,afore,deny,severe,fooey,despite,supposing,2024-12-23
3217,fooey,nicely,gosh,how,how,chow,2024-07-29
3218,alert,excitedly,those,draft,amid,of,2025-10-25
3219,whose,where,lined,masterpiece,fragrant,sate,2024-05-07
3220,hence,without,so,notwithstanding,lone,sense,2024-06-01
3221,unlike,on,onto,simplistic,long,barring,2024-10-17
3222,happily,giving,dependency,than,helplessly,disinherit,2025-08-07
3223,hmph,because,ick,meanwhile,for,overcoat,2024-07-17
3224,incline,onto,funny,fess,relative,but,2024-05-20
3225,untried,although,unnaturally,idle,aw,reconsideration,2025-02-16
3226,putrefy,yuck,cleverly,dual,messy,flu,2025-01-07
3227,masticate,likely,contradict,stylish,categorise,aw,2024-10-22
3228,qua,when,given,psst,meh,oh,2024-08-10
3229,provided,perfectly,despite,angelic,ugh,better,2024-09-20
3230,appliance,unaccountably,yum,unbearably,apropos,whenever,2025-05-06
3231,consequently,eek,first,shyly,than,although,2025-02-05
3232,shark,furthermore,rubbery,cannibalise,sarcastic,preheat,2025-09-30
3233,cassava,nectarine,now,decryption,fraudster,where,2025-08-09
3234,gosh,moment,against,however,gadzooks,via,2025-08-18
3235,whether,fortunately,soulful,as,gee,joyous,2025-01-08
3236,however,amid,solution,questionably,squeaky,however,2026-01-02
3237,institute,along,jut,once,yowza,drat,2024-04-29
3238,before,whether,although,indelible,arrogantly,pertain,2025-11-30
3239,worth,under,quickly,cheerfully,by,opposite,2026-02-14
3240,roughly,but,who,throughout,taxicab,sand,2024-09-17
3241,spellcheck,veto,readily,black,mobilize,whose,2026-01-12
3242,where,concerning,except,valentine,informal,idealistic,2025-12-05
3243,only,ignorance,whether,progress,palate,selfishly,2025-09-01
3244,gah,polyester,unlearn,nearly,partial,greedily,2024-12-19
3245,while,even,wisely,from,beard,jealously,2026-01-31
3246,only,likely,yum,parsnip,frizzy,camouflage,2024-10-31
3247,misread,excitable,roughly,help,gosh,orientate,2025-03-19
3248,whereas,geez,apprehensive,pfft,atop,versus,2024-05-20
3249,how,along,till,opposite,plus,upon,2025-04-24
3250,psst,bonnet,concrete,carpool,aha,incidentally,2024-06-11
3251,quadruple,until,jealously,save,and,pfft,2024-04-18
3252,goose,duh,lest,jaggedly,louse,likely,2024-04-04
3253,exempt,commemorate,after,dreary,supposing,access,2025-05-15
3254,secularize,other,commandeer,psst,inasmuch,now,2025-07-07
3255,hasty,yowza,while,record,bah,provided,2024-10-06
3256,consequently,butter,ugh,reword,quizzically,surprisingly,2024-08-06
3257,dwell,restfully,apud,hepatitis,muddy,lest,2025-01-27
3258,ceramic,zowie,foot,gosh,likewise,eke,2024-12-29
3259,instead,switch,indolent,when,in,more,2025-09-14
3260,brr,soon,boo,summarise,geez,after,2024-04-09
3261,lashes,equal,trim,young,veto,best-seller,2025-11-30
3262,lest,because,square,unabashedly,quinoa,a,2024-05-12
3263,waft,elderly,sting,creature,patiently,ick,2025-02-22
3264,modulo,phew,premeditation,supposing,lyre,dual,2025-09-26
3265,mockingly,free,carouse,antique,t-shirt,mushy,2024-07-22
3266,consequently,burly,sport,fooey,eek,painfully,2024-04-09
3267,excitedly,if,meaningfully,since,excitedly,potable,2024-05-06
3268,boohoo,newsprint,if,impish,sarcastic,selfishly,2024-12-19
3269,faraway,patiently,meh,barring,yippee,who,2025-06-09
3270,brr,lieu,outside,supposing,disrespect,lest,2025-10-26
3271,likewise,helpfully,utter,sparkling,lace,unfortunately,2024-03-20
3272,beyond,filter,grubby,even,commonly,willfully,2025-10-25
3273,woot,optimal,off,circa,whoa,barge,2025-04-12
3274,or,which,except,what,meh,motionless,2024-05-15
3275,suckle,vice,appertain,tightly,confide,unbearably,2024-11-12
3276,till,boohoo,likewise,rigidly,before,corral,2024-05-11
3277,fooey,cinema,until,ack,toward,clonk,2025-04-30
3278,cash,but,unfortunately,yuck,ajar,aha,2024-11-06
3279,pish,unbearably,before,degenerate,failing,lest,2024-03-05
3280,towards,neighboring,diligently,apropos,whenever,finally,2025-10-26
3281,simple,stranger,yummy,along,cleave,boo,2024-04-18
3282,abseil,though,behest,respectful,easily,handful,2025-06-09
3283,blindly,postbox,lest,boohoo,fluctuate,over,2024-12-18
3284,abseil,loyally,pasta,even,early,up,2024-12-19
3285,mostly,pale,whoa,spotless,statue,after,2024-09-07
3286,major,unusual,bog,miserably,now,beside,2025-02-13
3287,than,glum,puritan,restructure,regarding,or,2024-06-15
3288,now,savour,unfortunately,wallaby,whoever,rundown,2025-10-14
3289,massage,instead,sate,secondary,bore,usefully,2024-04-23
3290,political,yahoo,bobble,corral,surprise,these,2025-12-21
3291,tinderbox,pish,modulo,save,median,so,2025-03-08
3292,geez,candid,confusion,uh-huh,frank,quiet,2024-06-03
3293,with,commonly,soliloquy,gently,calmly,westernise,2024-09-30
3294,swiftly,long,even,briskly,insidious,finer,2026-01-21
3295,barge,ha,apud,easily,airman,adumbrate,2024-09-12
3296,powerfully,unrealistic,shred,under,eek,apropos,2024-04-15
3297,which,factorise,fast,after,failing,anti,2024-09-01
3298,writ,fiercely,weatherize,now,ape,critical,2024-10-24
3299,suddenly,by,libel,fraudster,gigantic,yowza,2025-01-18
3300,homeschool,with,mid,new,provision,mob,2024-03-12
3301,concerned,horse,whereas,yearly,lest,international,2024-06-29
3302,queasy,huzzah,which,nocturnal,scuttle,shadowbox,2025-04-20
3303,vice,beneficial,unexpectedly,coordinated,oh,softly,2025-02-22
3304,huzzah,scuttle,kindheartedly,taxicab,although,prudent,2024-12-11
3305,progress,nor,gee,happy,for,an,2026-01-16
3306,speedily,who,internalize,yahoo,toward,once,2025-10-08
3307,obedience,meager,boo,unexpectedly,boldly,within,2024-10-05
3308,consequently,wallop,after,fatherly,whether,partridge,2024-12-10
3309,slake,rosemary,relative,illusion,orientate,mmm,2025-04-30
3310,apropos,considering,gallivant,amidst,swelter,wetly,2024-08-29
3311,fatally,whether,especially,clear-cut,though,wherever,2025-07-31
3312,blah,per,faint,gadzooks,cannibalise,please,2025-07-30
3313,lazily,horse,absent,apprehensive,save,captain,2024-12-12
3314,hmph,rebel,underneath,blah,ham,valuable,2024-11-29
3315,accomplished,frantically,arbitrate,advocate,incidentally,unless,2024-05-08
3316,opposite,woot,thread,presume,excluding,grimy,2025-12-23
3317,communicate,spirit,including,larva,an,fun,2025-08-28
3318,or,mispronounce,gosh,tenant,yowza,fly,2024-06-19
3319,lively,red,stained,consequently,whereas,chairperson,2024-12-12
3320,yum,meh,punctually,smoothly,really,lighthearted,2025-09-25
3321,pace,although,nicely,round,dissemble,shoulder,2025-05-22
3322,which,sheepishly,mean,below,spring,hunger,2025-01-15
3323,aw,where,selfishly,awful,complete,import,2024-09-22
3324,approach,aftermath,minty,equally,but,operating,2024-03-26
3325,fervently,informal,almighty,fisherman,zowie,after,2025-02-06
3326,off,complicated,rich,metallic,large,tromp,2024-05-10
3327,meanwhile,loftily,boo,er,ack,awkwardly,2025-02-27
3328,vivacious,ick,clavicle,slow,zebra,aboard,2025-09-05
3329,naughty,adviser,case,submitter,viability,as,2025-03-21
3330,denitrify,unlike,lay,finding,legend,prickly,2026-01-06
3331,gloat,reluctantly,meh,oh,hungrily,provided,2025-09-17
3332,birdbath,worldly,circa,tune,forearm,when,2025-07-12
3333,as,wholly,sediment,of,vice,boohoo,2025-12-19
3334,factorise,yippee,unless,sleepily,probable,finally,2024-12-24
3335,sheathe,midst,indeed,cooperative,questioningly,what,2025-07-17
3336,abseil,wrongly,yet,swiftly,solidly,fooey,2024-08-03
3337,yum,bah,rightfully,superior,oof,bustling,2024-10-16
3338,strategy,flickering,shyly,cheerfully,hence,quirkily,2025-02-25
3339,edible,hippodrome,furthermore,fellow,pace,pity,2024-10-08
3340,pfft,boo,hot,lest,indeed,babushka,2026-01-07
3341,strait,provided,excitable,distinct,about,search,2024-04-23
3342,including,juvenile,vainly,inside,correctly,for,2025-02-25
3343,a,kindheartedly,miserly,yearly,contrail,eek,2024-11-28
3344,upliftingly,anenst,triumphantly,barracks,suddenly,scratch,2025-05-17
3345,huzzah,capsize,incidentally,acclaimed,unfurl,on,2025-01-06
3346,lest,qua,council,knit,healthily,forearm,2025-06-08
3347,geez,lift,even,of,harangue,round,2024-10-05
3348,institute,beyond,handle,gosh,drat,versus,2026-02-06
3349,across,finally,whoa,aside,ouch,within,2025-07-17
3350,beside,so,bright,before,where,positively,2025-09-12
3351,hence,eek,apud,as,hawk,skeleton,2024-04-10
3352,disarm,before,quantify,founder,so,paltry,2024-03-14
3353,deliberately,likewise,provided,swerve,offset,scared,2025-01-23
3354,cheerfully,ha,broadly,overload,CD,catalog,2024-06-06
3355,zowie,phooey,hmph,woot,meanwhile,throughout,2026-01-15
3356,astride,likewise,yuck,behind,jittery,uh-huh,2024-03-12
3357,often,blaring,prudent,while,shore,since,2025-02-09
3358,drat,roundabout,indeed,a,blissfully,er,2026-02-11
3359,bah,reflecting,hence,consequently,upon,who,2024-03-26
3360,phew,phooey,blissfully,foolishly,inwardly,aha,2025-07-15
3361,vaguely,vacantly,underneath,roasted,out,recent,2025-07-30
3362,giggle,cannon,cone,toward,orchestrate,headline,2025-02-11
3363,lift,thoroughly,forgery,scratchy,against,rise,2024-06-18
3364,below,internalize,mystify,oh,honestly,although,2026-01-09
3365,next,um,lest,certification,psst,sprinkles,2024-08-16
3366,soon,physically,hm,qua,appliance,whitewash,2024-06-26
3367,fooey,seemingly,although,airport,ick,vice,2024-10-02
3368,schlep,than,even,abnormally,gummy,rigidly,2025-09-18
3369,yuck,sick,coordinated,step,supposing,who,2025-11-28
3370,indeed,for,sandy,edge,however,fuel,2026-02-22
3371,broadly,versus,athwart,doodle,as,lay,2024-08-14
3372,too,down,braid,twin,amidst,facilitate,2024-12-28
3373,ramp,urgently,prestigious,yippee,unexpectedly,more,2024-10-08
3374,spork,sardonic,than,before,perp,import,2025-09-03
3375,conclude,once,minus,gah,frail,never,2026-02-16
3376,gadzooks,since,er,supposing,restaurant,when,2024-05-05
3377,lively,black-and-white,crafty,as,concerning,splay,2024-04-20
3378,metal,rot,instead,actually,ouch,different,2024-04-29
3379,irritably,agreement,once,scuffle,scarily,triumphantly,2025-08-09
3380,tune,cleverly,gifted,whoa,blah,justly,2025-07-23
3381,determined,shameful,shoulder,solidly,busily,engender,2024-08-27
3382,hence,hydrocarbon,greatly,ack,furthermore,or,2025-09-20
3383,innovate,duh,reflate,unto,accentuate,precious,2024-04-12
3384,tightly,correctly,blah,zany,etch,ah,2025-07-12
3385,when,likewise,restructure,satisfy,lest,as,2025-05-26
3386,through,righteously,censor,yippee,harmful,once,2025-05-09
3387,frizz,mid,before,under,bah,because,2024-05-27
3388,seldom,eek,whenever,morning,angrily,another,2025-02-19
3389,uncover,bathrobe,given,likewise,sizzle,while,2024-06-07
3390,provided,fluctuate,thoughtfully,chasuble,receptor,typify,2024-05-03
3391,until,while,rot,narrate,encode,hmph,2025-10-31
3392,given,ashamed,towards,hold,amid,atop,2025-02-22
3393,preside,slushy,oof,unusual,a,who,2025-08-08
3394,stratify,heavenly,openly,glass,equally,jubilantly,2024-06-20
3395,deceivingly,practical,if,alongside,mortally,in,2024-12-23
3396,tribe,which,closely,asset,actually,hence,2025-05-21
3397,yahoo,as,gloomy,effector,along,ghost,2024-10-10
3398,plus,insignificant,curiously,gadzooks,packaging,jealous,2024-04-28
3399,innocent,awkwardly,wasabi,an,boo,meh,2024-10-12
3400,over,pave,delete,baggy,phew,section,2024-03-19
3401,usable,woot,as,redound,lock,ownership,2025-01-11
3402,now,oh,readmit,and,now,delectable,2025-04-22
3403,anenst,coal,aha,knowledgeably,usher,swine,2025-12-26
3404,expostulate,happily,convalesce,because,rough,upsell,2024-12-18
3405,redraw,provided,utterly,armchair,birdbath,smart,2024-11-29
3406,hmph,convection,waft,personal,ew,gah,2024-04-22
3407,irritably,fixed,grounded,bandwidth,meh,wise,2024-11-24
3408,genuine,ah,properly,poor,stint,brightly,2025-05-18
3409,step-mother,how,however,hastily,giggle,sometimes,2025-07-03
3410,appreciate,grizzled,once,fooey,clueless,jubilantly,2025-02-10
3411,besmirch,winged,around,well-made,reassuringly,with,2024-07-14
3412,source,around,verify,outrank,inconsequential,brr,2025-08-23
3413,underpants,outfit,apprehensive,briskly,as,provided,2024-06-17
3414,if,slowly,meh,upon,after,viciously,2025-04-12
3415,warp,form,gloomy,culture,prime,democratize,2025-07-05
3416,instead,once,gee,yum,cow,total,2026-02-10
3417,powerfully,athwart,folklore,ferociously,nor,bleakly,2025-03-24
3418,quaintly,phew,coordination,aha,likewise,merrily,2024-05-27
3419,horn,intrepid,anenst,revitalise,lovingly,intensely,2024-10-18
3420,deep,whether,handle,pfft,ha,bah,2024-05-27
3421,corny,as,rebound,safeguard,weary,brr,2024-04-29
3422,agreement,shark,excepting,plus,wheel,a,2025-06-04
3423,tattered,immediately,patiently,amongst,honestly,as,2025-12-26
3424,sense,fictionalize,overcooked,triumphantly,because,overreact,2024-03-31
3425,meal,throughout,smoggy,through,except,oof,2026-01-04
3426,indeed,best-seller,ingratiate,chunder,how,adrenalin,2025-09-08
3427,frizzy,surface,although,foolishly,reschedule,voluntarily,2025-07-01
3428,cheerful,above,from,accentuate,form,save,2025-12-01
3429,where,scramble,vibrant,nervous,before,blaspheme,2024-08-25
3430,foretell,gloss,whoa,concrete,aboard,dead,2025-11-17
3431,unfortunately,dream,to,around,inwardly,provided,2025-05-07
3432,airmail,woot,furthermore,incidentally,convoke,creative,2025-06-07
3433,privilege,suburban,lest,rigidly,and,brr,2025-01-04
3434,yearly,adjudge,wicked,brisk,after,asset,2026-02-23
3435,split,phew,riser,rundown,at,ferociously,2025-03-18
3436,split,and,trash,bah,gladly,speedily,2025-05-08
3437,anxiously,gee,until,er,gadzooks,forager,2024-10-14
3438,hence,seemingly,deform,submitter,second-hand,pale,2024-04-23
3439,lest,trial,achieve,where,and,until,2024-11-14
3440,boo,poorly,disgorge,lest,economise,upbeat,2024-06-23
3441,woot,duh,beneath,via,carefree,blah,2025-08-04
3442,wordy,boohoo,railway,entice,lazy,big,2025-12-11
3443,finally,ick,until,onto,swill,tensely,2025-06-22
3444,border,given,noisily,major,parade,heartbeat,2024-04-15
3445,floss,pleased,trial,boohoo,verbally,ew,2025-05-27
3446,other,until,uh-huh,yippee,requirement,unselfish,2025-03-16
3447,drat,concerning,short-term,creature,platypus,obediently,2026-01-24
3448,hairy,mainstream,unless,wearily,pivot,amidst,2026-01-01
3449,yeast,ack,pushy,sneaky,deeply,pricey,2025-04-29
3450,reservation,meh,privilege,brood,own,closely,2026-01-12
3451,dependent,with,lucky,suspension,joshingly,opposite,2025-05-20
3452,which,meanwhile,eventually,rebel,or,executor,2024-07-15
3453,axe,beneath,whenever,usually,yeast,yawningly,2025-04-07
3454,deliberately,quickly,both,above,mid,bah,2024-07-31
3455,bowler,happily,personal,than,pfft,um,2024-06-13
3456,hammock,before,inasmuch,accidentally,ripe,who,2025-12-11
3457,ugh,below,atop,gah,under,operating,2025-03-15
3458,whereas,or,fooey,bandwidth,and,infamous,2024-11-27
3459,factorize,brand,of,yet,until,clueless,2025-02-21
3460,atop,failing,forenenst,ah,uh-huh,supposing,2026-01-11
3461,underpants,uh-huh,roadway,offensively,rough,boohoo,2025-11-23
3462,density,ah,remorseful,outside,synthesise,colossal,2024-07-16
3463,outside,archive,festival,versus,plagiarise,cash,2025-10-13
3464,phooey,pish,yet,notwithstanding,expert,scruple,2025-02-26
3465,ordinary,fiddle,who,scarcely,shipper,decode,2025-12-02
3466,for,evenly,grizzled,whether,ack,carefree,2024-10-30
3467,fax,toward,rich,or,consequently,smarten,2024-10-13
3468,conversation,dampen,arrogantly,shrilly,soap,within,2025-12-12
3469,over,throbbing,how,catalyst,ugh,plugin,2024-11-27
3470,unfurl,provided,unto,considerate,officially,but,2025-08-10
3471,wound,passionate,wasabi,gosh,luck,slide,2024-05-16
3472,bah,besides,approximate,hence,yuck,liquid,2025-02-01
3473,charter,incidentally,stupendous,quickly,yum,which,2024-09-19
3474,tattered,bide,bell,confiscate,or,important,2024-09-04
3475,gah,oof,whose,react,through,oh,2024-07-14
3476,near,yesterday,faraway,wire,whine,redraw,2024-08-12
3477,better,row,ha,lest,beside,zowie,2025-02-12
3478,sonar,separately,since,frightfully,ugh,syringe,2024-10-28
3479,given,tag,supposing,merrily,premium,considering,2024-04-01
3480,appreciate,blight,boo,yowza,abaft,yippee,2024-10-14
3481,gallivant,wound,abaft,between,demob,geez,2025-12-29
3482,subsidy,on,meanwhile,creamy,splendid,amidst,2025-03-15
3483,once,giving,monster,after,soggy,minus,2025-06-18
3484,amongst,forenenst,fat,anaesthetise,upon,intently,2024-05-24
3485,trash,trek,pasta,gosh,sarcastic,why,2024-04-09
3486,amused,into,beyond,meanwhile,ferociously,interior,2024-12-08
3487,scar,aha,consequently,pace,inside,only,2025-02-27
3488,even,order,gosh,gigantic,shark,round,2025-03-23
3489,midst,minus,bleakly,athwart,how,if,2024-05-06
3490,where,shallow,questioningly,shadowy,aw,appertain,2026-02-09
3491,yieldingly,more,demob,draw,exacerbate,indeed,2026-01-20
3492,though,babyish,as,immediately,as,rich,2024-05-22
3493,provided,per,adolescent,obediently,mysteriously,satirise,2025-06-16
3494,brr,via,since,untidy,promptly,beneath,2024-10-12
3495,arcade,finally,gracefully,optimal,athwart,for,2025-06-03
3496,huge,instead,uniform,cooperative,broadside,scratchy,2025-12-28
3497,under,redraw,limping,soon,neighboring,violin,2025-01-03
3498,forenenst,mushy,innocently,aching,slope,opposite,2025-07-23
3499,only,attraction,playfully,noisily,as,astride,2025-03-05
3500,rotating,gah,to,bleakly,likewise,by,2025-03-20
3501,video,brr,taxicab,which,palatable,yum,2025-12-17
3502,until,aha,hmph,incidentally,stigmatize,outrun,2024-07-11
3503,beside,worth,inside,whether,delight,left,2024-12-30
3504,embed,furthermore,besides,polarisation,parade,before,2025-03-17
3505,excluding,off,brr,gullible,huzzah,sundae,2026-02-04
3506,and,pure,amongst,supposing,tensely,for,2024-05-06
3507,supposing,duh,somber,ick,upwardly,why,2025-10-10
3508,why,within,via,buzzing,solidly,tenant,2025-02-14
3509,instead,foolish,handful,tattered,maul,bootleg,2026-02-12
3510,embarrassment,woot,geez,quintessential,blah,per,2025-03-27
3511,ouch,sate,replicate,subexpression,unibody,book,2025-04-13
3512,corner,the,briefly,crossly,miserable,ack,2025-08-21
3513,sadly,however,to,about,glorious,although,2024-09-23
3514,euphonium,repentant,mobilize,rebound,ruddy,after,2025-10-13
3515,cleverly,unimpressively,procrastinate,tensely,questionably,clinch,2026-01-12
3516,uncomfortable,what,approach,however,upward,yum,2024-11-07
3517,shadowy,clear,geez,cautious,slime,wing,2025-09-21
3518,inasmuch,without,greatly,uh-huh,next,because,2024-10-03
3519,phooey,little,whose,times,radiant,safely,2024-12-23
3520,cow,bah,opposite,colon,speedily,indeed,2025-12-19
3521,brave,sup,toward,even,reasoning,weatherize,2024-07-01
3522,toothpick,aha,plan,boo,at,instead,2025-01-24
3523,commandeer,aching,with,mmm,gladly,alienated,2024-05-19
3524,yowza,whose,seemingly,authorized,keenly,adaptation,2024-05-19
3525,unabashedly,as,sundae,boohoo,er,moor,2024-11-04
3526,liberalize,daily,rebuild,yuck,excluding,obediently,2025-10-27
3527,who,testimonial,sundae,shell,culminate,into,2024-06-19
3528,anenst,whoa,radiant,rosemary,once,legal,2024-05-04
3529,yellow,bind,singe,hornet,under,zowie,2024-06-14
3530,relative,intermarry,across,hm,softly,pish,2024-06-11
3531,upward,lasting,publication,kindly,anenst,viciously,2024-12-18
3532,spirit,pfft,zowie,whose,deficient,reclassify,2025-05-24
3533,ambitious,but,permafrost,mature,speedily,deep,2024-07-13
3534,issue,verve,pointless,meh,juvenile,except,2025-08-29
3535,verify,far,analogy,accidentally,gosh,wallop,2025-06-02
3536,oof,fast,adaptation,cruelly,phew,sans,2024-06-15
3537,gosh,athwart,yum,foolish,veto,sad,2025-11-16
3538,pillow,reboot,so,zowie,draft,mousse,2025-07-19
3539,afraid,kindheartedly,upon,jubilant,when,unwieldy,2025-06-02
3540,zowie,deplore,vice,beautifully,around,given,2025-01-15
3541,barring,ah,trusting,unrealistic,hm,footrest,2024-06-03
3542,hence,scorpion,ridge,kettledrum,interestingly,ew,2025-01-10
3543,how,down,oof,finally,reassuringly,er,2024-10-08
3544,gah,amendment,out,ashamed,table,pfft,2024-08-24
3545,postbox,excepting,unwritten,dull,worthy,yowza,2025-05-14
3546,if,ugh,gosh,seriously,bitterly,wherever,2025-03-01
3547,pish,putrid,freezing,faithfully,inwardly,in,2025-09-05
3548,gadzooks,unnaturally,unused,yuck,unsteady,afore,2024-10-21
3549,gloss,with,clueless,brr,brr,hurtful,2024-11-27
3550,oh,consequently,pupil,oh,pace,judicious,2024-04-03
3551,into,finally,status,yak,fussy,gosh,2025-09-17
3552,uh-huh,if,ready,nicely,drat,for,2024-08-06
3553,charm,ah,than,jive,before,schnitzel,2024-02-28
3554,wherever,dicker,amidst,unbearably,fluffy,inspection,2025-08-04
3555,or,except,anesthetize,woot,uh-huh,axe,2025-03-24
3556,scenario,across,bah,jovially,till,dutiful,2026-02-21
3557,variable,overload,dereference,unnaturally,keenly,gah,2024-09-02
3558,disposer,imaginative,snack,obnoxiously,near,alongside,2024-11-05
3559,developing,stranger,lumpy,excitedly,coast,overload,2025-02-23
3560,lowball,huzzah,trek,coolly,unabashedly,instead,2025-04-16
3561,like,hm,forenenst,squid,frantically,ad,2025-09-26
3562,pleasure,watery,outside,print,who,where,2025-06-29
3563,accountability,whereas,once,corporation,underneath,bright,2025-12-28
3564,marvelous,before,investigate,knight,wherever,whether,2025-01-09
3565,expatiate,seriously,psst,hover,rosin,about,2025-01-16
3566,dredger,after,once,against,suckle,blah,2024-06-20
3567,queasily,openly,whereas,bore,curiously,whereas,2024-02-24
3568,muffled,resolve,content,dimly,boo,brr,2024-09-09
3569,cheerful,godparent,glossy,agile,once,why,2025-10-19
3570,yowza,strong,fog,er,notwithstanding,across,2024-05-16
3571,sweet,phew,given,lovingly,pfft,shirk,2024-05-17
3572,oblong,bestride,as,hmph,napkin,frantically,2025-08-21
3573,live,musty,misfire,mmm,foolish,even,2026-01-08
3574,bathrobe,yahoo,from,besmirch,outstanding,impassioned,2025-12-13
3575,ew,essence,eke,aside,never,obediently,2024-12-14
3576,yuck,ew,adumbrate,versus,polite,why,2024-12-18
3577,zowie,although,heartbeat,but,eulogise,uncork,2024-06-04
3578,ew,when,humor,oh,beyond,furiously,2024-09-19
3579,poor,following,short,lest,readily,supposing,2025-01-07
3580,decent,along,recompense,youthful,sans,geez,2024-06-20
3581,patiently,or,on,round,whose,progress,2025-08-21
3582,whereas,ick,psst,yippee,nectarine,phew,2024-03-05
3583,fencing,pfft,underpants,rosemary,gape,boo,2026-01-25
3584,but,for,oh,filthy,blindly,proud,2025-03-11
3585,woot,seriously,ick,numeric,oof,boastfully,2024-08-19
3586,tabulate,fireplace,valiantly,breakable,extremely,boo,2024-04-16
3587,yippee,anneal,preregister,ah,until,pack,2024-11-02
3588,fervently,through,unless,unique,fluffy,venture,2024-05-17
3589,fairly,disposer,thump,where,fooey,underpants,2024-04-15
3590,and,underneath,bid,exonerate,yet,attend,2025-08-10
3591,grok,since,interestingly,yowza,on,vaguely,2025-11-03
3592,until,mmm,pants,wash,before,very,2025-10-23
3593,well,exempt,inculcate,hurtful,oh,hefty,2024-10-19
3594,talkative,into,badly,afore,darling,authentic,2025-08-12
3595,other,glider,during,speedy,woot,but,2024-10-20
3596,following,unimpressively,till,because,boastfully,lobster,2024-09-06
3597,generally,abscond,newsletter,ew,phew,even,2025-11-28
3598,commemorate,pack,given,huzzah,uh-huh,inside,2025-11-11
3599,the,disappointment,yowza,till,wilt,inasmuch,2025-01-28
3600,throughout,mysteriously,shampoo,pile,consequently,major,2024-12-08
3601,yet,egg,instead,yawningly,ugh,exacerbate,2024-04-23
3602,crossly,every,madly,helplessly,less,um,2024-05-19
3603,editor,besides,fuss,where,pilot,phew,2024-10-01
3604,tensely,sometimes,aha,grouchy,whoa,young,2025-01-04
3605,phooey,ha,punctuation,ugh,up,outgoing,2026-02-12
3606,bump,responsible,drat,meh,inasmuch,circle,2025-10-25
3607,ew,oh,limply,into,elegantly,the,2024-10-06
3608,however,weird,masterpiece,what,intelligent,scarification,2025-12-27
3609,ugh,outfox,switchboard,wholly,including,yum,2025-09-22
3610,joyous,masticate,recklessly,since,vivaciously,ack,2025-03-16
3611,if,gestate,gah,tabulate,coliseum,from,2025-01-10
3612,frightened,afore,jogging,coarse,adventurously,consequently,2025-01-02
3613,whoa,about,after,whenever,zany,shinny,2025-04-29
3614,insignificant,upside-down,mature,what,off,markup,2025-12-04
3615,trained,thankfully,scarper,provided,unlined,than,2025-06-11
3616,readjust,astride,than,another,dense,resource,2024-06-25
3617,aha,department,boastfully,faithfully,ferociously,uneven,2025-04-20
3618,boo,untimely,lest,aw,certainly,corny,2024-08-05
3619,wherever,whenever,unless,ack,unlike,hmph,2026-02-21
3620,inasmuch,whoa,um,psst,unabashedly,lender,2025-12-11
3621,usable,barring,aha,shore,draft,arrogantly,2026-02-13
3622,defensive,certainly,as,teammate,fiercely,while,2025-08-04
3623,annually,boohoo,pfft,since,across,draft,2026-02-04
3624,scrabble,knottily,yin,repeatedly,boo,gah,2024-03-16
3625,worth,spiteful,boohoo,eek,furthermore,farmer,2024-04-13
3626,approximate,dwell,louse,although,agreement,promptly,2025-07-31
3627,cruelly,quart,partridge,weakly,discrete,powerless,2024-10-14
3628,belabor,beneath,veto,next,er,after,2025-03-02
3629,yearningly,worth,early,cardboard,instead,exotic,2024-03-21
3630,tennis,far,petal,eyeliner,emerge,colonialism,2025-07-11
3631,eek,kosher,curl,substantiate,dismal,shoot,2026-01-27
3632,intently,bug,supposing,contrail,pile,incomplete,2025-08-07
3633,pension,brightly,boohoo,numeracy,discourse,deliberately,2025-11-13
3634,proper,limp,yuck,dilate,bleach,shore,2024-05-13
3635,ah,usefully,woot,by,yuck,or,2024-09-24
3636,wiggly,pointed,whoa,helplessly,wetly,better,2024-08-13
3637,ferociously,lucky,knowingly,reach,amongst,hovercraft,2024-06-15
3638,than,foolishly,vacantly,furthermore,where,ecstatic,2025-12-14
3639,stealthily,lampoon,aw,amid,indeed,fiercely,2025-02-27
3640,smuggle,across,near,psst,frankly,draft,2024-11-30
3641,same,forgery,ack,pressure,pace,boohoo,2024-09-20
3642,gosh,obsess,via,palatable,provision,regarding,2024-06-09
3643,milestone,nor,likewise,stale,officially,rigidly,2024-03-22
3644,with,deflect,tune,nor,makeover,ideal,2024-10-04
3645,cop,bludgeon,prioritize,ownership,indeed,merrily,2024-03-08
3646,promptly,joyously,barring,apropos,challenge,innovation,2024-06-26
3647,gadzooks,forenenst,exonerate,crazy,massive,gee,2025-05-13
3648,whose,furthermore,vary,yuck,once,where,2025-04-30
3649,muted,gym,which,excepting,cavernous,march,2024-04-08
3650,except,bookend,steak,aside,adviser,whoever,2025-04-25
3651,unexpectedly,fortunately,kaleidoscopic,seemingly,considering,or,2024-10-29
3652,youthful,meh,without,boo,tackle,sans,2025-10-08
3653,developing,well-documented,whose,fairly,wherever,yuck,2025-02-02
3654,amazing,blah,torn,against,plus,sup,2026-02-04
3655,who,in,duh,viability,rosemary,out,2025-04-07
3656,hmph,ack,obediently,notwithstanding,highly,ugh,2025-02-19
3657,suspension,annually,lock,large,meh,meh,2024-02-28
3658,beneath,round,forenenst,till,lotion,er,2024-02-27
3659,whose,cruelly,towards,geez,vacantly,brr,2024-11-11
3660,pish,for,geez,duh,ugh,towards,2024-12-04
3661,ouch,and,without,settler,after,but,2024-09-12
3662,hm,whirlwind,regarding,yowza,indeed,doodle,2025-03-16
3663,inasmuch,fiddle,noisily,bidet,but,amid,2024-07-14
3664,against,unimpressively,ew,synergy,quadruple,ha,2024-06-12
3665,huzzah,serialize,phew,frantically,above,without,2025-03-25
3666,which,jellyfish,loudly,ick,trouser,sunbathe,2024-04-08
3667,whoever,brilliant,meanwhile,atrium,optimistic,per,2026-01-26
3668,providence,arrange,huzzah,obnoxiously,anti,quickly,2024-10-01
3669,aside,avow,rough,per,positively,cricket,2025-11-24
3670,subtract,makeover,marketplace,rosemary,yippee,minus,2025-05-01
3671,into,finally,eke,jealous,dearly,dearly,2024-11-27
3672,who,pro,yowza,ugh,bah,cassava,2025-03-13
3673,redevelop,which,deer,phooey,majestically,after,2024-03-30
3674,numeric,giant,pfft,throughout,zowie,punctual,2024-06-24
3675,uncommon,keenly,angrily,behind,aside,fly,2024-08-11
3676,nor,quintuple,shoddy,shell,fully,triangular,2025-11-28
3677,lest,fill,floodlight,till,anti,revere,2025-08-07
3678,repeatedly,pish,ugh,really,clone,tackle,2024-06-18
3679,battle,properly,grave,resource,yippee,truly,2025-12-17
3680,dilate,cork,yuck,slink,how,ack,2024-10-04
3681,swing,whose,sturdy,extra-large,a,or,2024-06-24
3682,upliftingly,whenever,backbone,crushing,incidentally,swelter,2024-09-14
3683,council,unruly,mmm,gloat,make,tousle,2025-09-02
3684,ick,hmph,nicely,consequently,rawhide,difficult,2025-06-16
3685,above,shameless,authorized,nor,ack,painfully,2025-03-18
3686,litter,twine,swathe,meh,overburden,apropos,2025-03-20
3687,likely,dwell,for,aged,since,digit,2024-04-13
3688,unless,silently,forgather,phew,gum,considering,2025-10-14
3689,drat,suffice,excepting,how,strict,unhappy,2024-05-09
3690,woefully,customise,yellowish,ick,rural,ascertain,2024-04-02
3691,coolly,noisily,between,ugh,metabolite,huzzah,2025-08-16
3692,loyally,vivaciously,freezing,rigid,circumference,partridge,2025-07-28
3693,numeracy,aha,till,frozen,ha,whose,2024-12-19
3694,pixellate,cardboard,curiously,whoever,rewrite,eek,2025-10-26
3695,waltz,rim,stoop,ouch,idealistic,near,2025-11-28
3696,dependent,better,astride,soliloquy,grandson,yearningly,2024-07-01
3697,small,over,even,disloyal,to,glider,2024-11-12
3698,dime,tusk,austere,inside,neatly,ha,2025-09-27
3699,those,distorted,yet,sharply,elevator,knowingly,2024-07-03
3700,cone,shrill,jumbo,fleck,geez,fuss,2024-08-12
3701,solvency,glisten,among,rust,amongst,uh-huh,2024-08-31
3702,punctually,disrespect,bogus,crossly,pish,very,2025-06-01
3703,yahoo,waft,out,eek,snowplow,repentant,2025-02-28
3704,meanwhile,from,thin,mismatch,lock,barring,2026-02-14
3705,canter,fortunate,ick,pleased,excepting,obediently,2024-08-20
3706,since,aha,a,lack,scrape,zowie,2024-07-18
3707,neglected,congregate,fortunately,iridescence,wherever,when,2024-11-22
3708,phew,finally,joint,fooey,lost,fathom,2024-07-18
3709,or,experience,an,yippee,given,warm,2024-06-20
3710,exactly,encode,duh,what,gosh,shirk,2024-12-07
3711,pish,gah,sonar,wombat,ultimate,for,2025-08-12
3712,lest,fooey,obvious,shear,minus,moisten,2025-11-03
3713,relieve,manage,including,majestic,abnegate,fit,2025-08-06
3714,after,whose,disbar,obedience,barge,mmm,2024-11-27
3715,upward,drat,indeed,nab,until,brr,2024-05-19
3716,energetically,misjudge,daily,annually,surface,selfishly,2024-03-29
3717,upward,down,including,service,squeaky,wholly,2024-07-13
3718,bah,bleach,swim,extension,stiff,cricket,2025-11-30
3719,since,gah,crystallize,unlike,hmph,psst,2024-09-03
3720,however,intently,heavenly,promise,likable,blah,2025-05-06
3721,meh,unless,left,swill,reluctantly,seldom,2025-07-04
3722,plus,bah,aha,gah,instantly,transplant,2025-01-08
3723,velocity,federate,winding,popularity,ick,gently,2025-09-16
3724,coordination,swathe,exalted,out,till,pessimistic,2024-04-20
3725,pish,appreciate,coagulate,wherever,as,catalog,2025-03-28
3726,once,readmit,yowza,pro,misappropriate,tuxedo,2025-10-26
3727,dreamily,when,if,following,qua,productive,2025-07-09
3728,blah,submitter,provision,calmly,geez,which,2024-03-30
3729,why,ack,lasting,ultimate,crest,or,2025-06-21
3730,provided,barring,though,peony,neaten,eek,2026-02-01
3731,mindless,diligently,usable,viability,pillow,scheme,2024-09-02
3732,despite,pish,bliss,impish,out,misappropriate,2025-04-23
3733,although,abaft,than,lest,before,restaurant,2025-03-14
3734,cuddly,oof,since,worth,besides,pfft,2025-10-05
3735,finally,hm,lazily,upright,how,milestone,2025-03-28
3736,stir-fry,if,monster,by,aside,evenly,2025-04-21
3737,horst,record,upon,admonish,regarding,before,2026-02-08
3738,because,worst,gah,victoriously,militate,pro,2024-10-28
3739,sad,gently,crocodile,modulo,messy,minority,2025-03-20
3740,rare,along,phooey,despite,offensively,but,2024-05-27
3741,scratchy,between,wherever,hubris,unto,next,2025-03-14
3742,content,when,forenenst,likable,persecute,terrorise,2024-09-04
3743,zowie,briefly,only,quarterly,whenever,besides,2025-05-25
3744,a,swim,below,lotion,peony,times,2025-03-11
3745,as,towards,inasmuch,nor,plus,victorious,2025-10-07
3746,restfully,hungry,for,abnormally,suspiciously,hm,2025-06-28
3747,even,aside,sympathetically,pity,aha,before,2025-08-18
3748,before,whenever,once,availability,buttery,substantial,2026-02-07
3749,heavily,ferociously,outrageous,gently,after,against,2025-02-17
3750,dimly,alongside,um,punctually,to,warmly,2025-12-09
3751,phew,while,scented,hateful,questioningly,drum,2025-10-27
3752,hmph,whether,straw,whoa,abandoned,blah,2024-07-29
3753,whether,pitiful,gee,while,parched,oof,2026-01-19
3754,with,soon,usually,why,consequently,unless,2025-03-28
3755,whoa,pace,grade,foolishly,halt,whoever,2025-10-23
3756,lazily,ha,intent,fun,warp,nerve,2025-02-20
3757,pish,arcade,porter,camouflage,vivaciously,hollow,2025-08-02
3758,showboat,arrogantly,furthermore,opposite,inscribe,hateful,2025-03-09
3759,belabor,confide,bourgeoisie,until,sure-footed,quickly,2025-07-10
3760,frenetically,unless,merge,fooey,pharmacopoeia,gee,2025-04-10
3761,provided,communicate,huzzah,zowie,orange,rekindle,2024-08-06
3762,nab,righteously,amongst,boo,fairly,prime,2025-04-01
3763,abnormally,off,unexpectedly,pendant,without,beside,2025-05-07
3764,possible,furthermore,absent,chase,despite,unnaturally,2024-05-02
3765,so,march,evil,unabashedly,impossible,ouch,2025-02-06
3766,how,acquaintance,taut,makeover,ethyl,blowgun,2024-08-31
3767,fiercely,across,whether,while,given,portly,2024-11-08
3768,upbeat,healthily,nor,gratefully,inasmuch,ew,2024-12-24
3769,mostly,institute,antelope,ape,not,versus,2025-07-28
3770,vainly,oof,through,woot,likely,instead,2025-10-28
3771,why,eek,mad,cauliflower,save,hm,2024-10-09
3772,functional,hammock,disarm,intensely,duh,synthesise,2024-08-14
3773,moralise,continually,obnoxiously,siege,reach,completion,2024-03-20
3774,complication,make,by,under,though,typify,2024-11-28
3775,afore,outnumber,youthfully,fuss,ah,longingly,2024-11-05
3776,qua,apud,pish,ah,analyse,kiss,2025-08-20
3777,round,woot,geez,exacerbate,psst,including,2024-10-26
3778,spattering,what,pocket-watch,sans,so,accidentally,2025-03-02
3779,brr,phew,thoroughly,indeed,gadzooks,angrily,2025-10-22
3780,failing,gently,zowie,beyond,geez,suffocate,2026-01-13
3781,hence,yippee,greatly,whoever,abaft,where,2024-09-10
3782,questionably,snuggle,fax,burdensome,probate,anenst,2026-01-14
3783,hmph,gadzooks,quart,heartache,excluding,unless,2025-02-16
3784,firsthand,mainstream,plus,unwilling,nauseate,mentor,2025-01-18
3785,monumental,spear,uh-huh,near,yet,since,2024-11-17
3786,till,meanwhile,ah,except,typify,forager,2026-02-13
3787,round,while,flood,fictionalize,raw,ack,2025-01-26
3788,gracious,unscramble,fashion,extroverted,adolescent,slake,2024-08-25
3789,scented,um,except,membership,yuck,wash,2025-11-02
3790,deceivingly,whopping,across,before,along,unabashedly,2025-07-09
3791,ugh,above,uh-huh,mmm,essence,yet,2025-01-03
3792,squeaky,who,commercial,rightfully,even,prestigious,2026-01-18
3793,option,unhealthy,bah,finally,calculus,hmph,2025-04-12
3794,pfft,graft,membership,serenade,flowery,regarding,2026-02-12
3795,pushy,because,long,grown,remand,cornet,2024-04-26
3796,unpleasant,unbearably,supposing,trek,roasted,including,2024-09-25
3797,hence,pear,international,gah,synthesise,mmm,2025-10-06
3798,unfortunate,afore,about,except,hairy,horn,2024-04-03
3799,oof,ack,keenly,oof,sociable,ugh,2025-02-24
3800,meanwhile,quaintly,sadly,drain,lumpy,scarcely,2025-07-20
3801,rebuff,including,tomography,versus,until,since,2025-07-01
3802,thankfully,on,gloat,even,multicolored,gifted,2025-12-14
3803,failing,gadzooks,fooey,ha,within,out,2024-02-26
3804,possible,understated,frightfully,psst,however,old-fashioned,2025-10-08
3805,meh,indeed,notwithstanding,sleepy,concerning,dispose,2025-12-01
3806,shrilly,fork,veto,which,whack,about,2024-10-23
3807,aha,puff,wildly,joyously,failing,strange,2024-07-17
3808,including,distorted,through,generously,and,ring,2025-08-21
3809,barring,patiently,calmly,chiffonier,valentine,quizzically,2025-01-31
3810,gosh,nor,doorpost,yellowish,debit,next,2025-10-14
3811,pocket-watch,lecture,hawk,if,deform,enthusiastically,2024-04-27
3812,chiffonier,vastly,bore,structure,squirm,than,2025-01-12
3813,till,hundred,uh-huh,cuddly,of,airman,2024-07-22
3814,splurge,pfft,represent,yippee,well,even,2025-11-03
3815,furthermore,voluntarily,breed,mysteriously,highly,vibraphone,2025-11-24
3816,chiffonier,crumble,busily,boohoo,hydrant,although,2025-07-25
3817,gosh,beautifully,following,smoothly,loudly,supposing,2025-07-22
3818,yippee,rally,spherical,tray,in,um,2024-09-13
3819,judgementally,finger,until,priesthood,psst,what,2024-07-10
3820,amongst,airbus,honesty,yahoo,profuse,above,2024-03-23
3821,ajar,yowza,lest,nor,jut,and,2026-01-19
3822,before,tenderly,memorise,made-up,unethically,crooked,2024-05-03
3823,ick,ornery,republican,sheepishly,mealy,whose,2024-03-22
3824,before,tankful,unless,lest,veto,role,2025-11-12
3825,vice,hmph,lazy,supposing,than,strictly,2024-03-07
3826,oh,exasperation,focused,antique,as,curiously,2025-11-11
3827,puny,for,twist,towards,festival,fruitful,2024-08-17
3828,papa,before,underneath,clamp,after,scenario,2025-09-04
3829,rightfully,gah,provided,showy,brr,weatherize,2026-01-23
3830,perfectly,whoa,everlasting,separate,where,meh,2024-10-30
3831,ew,stiff,until,lean,wombat,intently,2025-10-02
3832,trouser,offset,inasmuch,joshingly,secularize,gigantic,2024-10-26
3833,retrospectivity,woot,guide,unlike,violently,peter,2024-09-22
3834,scarily,hence,bliss,yowza,certainly,since,2025-03-03
3835,internalise,whoa,drat,atop,even,vaguely,2025-09-16
3836,so,aboard,ah,ha,monster,given,2025-05-15
3837,cleverly,encode,alb,yippee,lifestyle,aha,2025-02-18
3838,fuzzy,slight,fat,outside,failing,split,2024-07-30
3839,jell,considering,trusty,that,but,upbeat,2025-07-12
3840,on,uh-huh,whoever,why,speedily,crank,2024-03-16
3841,circa,wherever,unnecessarily,lovable,misappropriate,soulful,2025-10-20
3842,juggernaut,furiously,ideal,recklessly,concerning,unfit,2024-06-15
3843,firsthand,substitution,ick,even,concerning,hamburger,2025-09-18
3844,mainstream,insert,obnoxiously,longingly,hungrily,defiantly,2025-04-30
3845,conceal,instead,per,whether,rosy,towards,2025-08-15
3846,gee,consistency,quietly,now,after,fluffy,2024-10-31
3847,opera,failing,brr,strident,defenseless,before,2024-03-21
3848,gadzooks,fairly,likely,beneath,unless,front,2025-05-31
3849,reorganisation,briefly,adult,around,status,brr,2025-03-12
3850,gazebo,pfft,following,offend,patiently,by,2026-01-18
3851,triangular,fooey,pop,partridge,likely,meh,2025-10-23
3852,indeed,gently,celebrate,commercial,woot,frenetically,2025-08-28
3853,ew,beside,snarling,free,fuel,arcade,2024-07-05
3854,reapply,downshift,actually,fooey,disadvantage,pointless,2025-06-02
3855,a,norm,brr,amongst,consequently,unfortunately,2025-01-10
3856,furthermore,humidity,by,aside,stealthily,yippee,2024-09-08
3857,frightfully,as,cleave,juicy,about,to,2026-02-04
3858,grade,snoopy,aw,oh,cool,charm,2024-09-06
3859,inasmuch,rigidly,whereas,hornet,govern,actual,2024-04-23
3860,airman,wetly,best-seller,for,so,around,2025-02-08
3861,eminent,until,haversack,er,incidentally,yum,2025-08-18
3862,till,circa,thoughtfully,fess,yippee,bell,2024-10-07
3863,circa,pace,pace,know,perky,highly,2025-12-15
3864,sarcastic,excluding,mid,weatherize,however,which,2024-03-13
3865,adult,nifty,what,yum,considering,howl,2025-05-01
3866,continually,gnaw,preclude,unscramble,swathe,though,2024-02-26
3867,inscribe,including,nimble,nightlife,meanwhile,beret,2025-11-22
3868,thoughtfully,grim,catalog,gah,pacemaker,wide-eyed,2025-06-06
3869,ew,nor,comparison,knavishly,sardonic,worthwhile,2025-06-16
3870,phooey,miserly,rectangular,but,times,wide-eyed,2025-04-23
3871,gee,direct,carelessly,which,printer,cautiously,2025-02-11
3872,gadzooks,successfully,lady,ugh,astride,that,2025-07-12
3873,but,besides,inquisitively,except,damaged,playfully,2026-02-05
3874,gee,beneath,heighten,ick,arrogantly,while,2024-06-05
3875,ultimately,cruelly,screw,than,hm,but,2025-02-13
3876,which,dental,furthermore,permafrost,wonderful,well-worn,2025-06-16
3877,yowza,indeed,haircut,sprinkles,failing,concrete,2024-03-30
3878,grouper,questioningly,rationalize,yippee,misguided,whenever,2025-01-25
3879,down,highly,vestment,conservation,status,jovially,2025-04-11
3880,slink,malfunction,incidentally,bewail,yum,successfully,2026-01-20
3881,lest,lucky,finally,judgementally,finally,bleakly,2024-09-03
3882,eyeglasses,practical,defiantly,posh,yawningly,cruelly,2025-09-26
3883,yearly,hamburger,interior,gah,whoa,tense,2024-10-09
3884,account,brr,astonishing,depend,brook,moisten,2025-07-30
3885,understated,ah,clavicle,book,anticodon,mundane,2025-03-10
3886,since,blah,whoever,bah,heavenly,even,2024-03-04
3887,athwart,slap,why,miserably,especially,lest,2024-06-15
3888,whether,pace,through,redact,nor,tabletop,2025-03-21
3889,so,amid,colorless,account,till,scuffle,2025-08-01
3890,anenst,austere,underneath,whenever,who,aside,2025-08-02
3891,scrape,well-lit,outside,fowl,strident,dramatize,2025-03-19
3892,inasmuch,yet,inquisitively,how,character,finally,2024-11-20
3893,huzzah,ribbon,meanwhile,whoever,synergy,concrete,2024-06-22
3894,eyeliner,those,inborn,cruelly,unimpressively,armoire,2024-07-28
3895,pish,geez,till,now,nicely,inside,2025-02-03
3896,which,likewise,annually,glorious,supposing,hm,2025-03-21
3897,solemnly,quicker,below,because,since,huzzah,2024-12-20
3898,boggle,apricot,brr,raw,fleck,above,2024-03-12
3899,who,loose,across,aside,gown,um,2024-04-05
3900,with,kissingly,sesame,aha,aside,drat,2024-07-14
3901,embarrassment,whereas,qua,in,rise,embalm,2024-04-10
3902,ouch,ugh,upon,so,past,frightfully,2025-06-02
3903,fall,where,hotfoot,ham,ick,gadzooks,2025-06-29
3904,briskly,that,triumphantly,stale,blah,lest,2024-06-11
3905,whose,scramble,folklore,yuck,which,masterpiece,2024-10-29
3906,forenenst,unsung,supposing,doting,excitedly,aside,2026-02-10
3907,before,disadvantage,preheat,short,gadzooks,enormously,2025-04-27
3908,gah,and,arrogantly,properly,alert,frozen,2025-11-16
3909,ack,so,by,secondary,regarding,boss,2024-04-14
3910,opera,anti,pfft,clumsy,cram,nearly,2025-11-25
3911,unfortunately,hm,though,uh-huh,presume,front,2024-06-20
3912,schedule,enrage,hence,phew,uh-huh,rudely,2024-09-06
3913,until,apud,across,helplessly,urban,climb,2025-01-05
3914,ugh,optimal,out,gee,psst,celsius,2026-01-29
3915,violently,lively,how,wedge,cute,embalm,2024-04-29
3916,statement,obnoxiously,for,peter,aw,hm,2025-09-15
3917,evil,prejudge,minister,cook,anenst,well-worn,2025-05-28
3918,briskly,freely,regarding,nor,into,unique,2024-09-05
3919,vein,cinema,realistic,toward,excluding,mild,2024-08-22
3920,confused,inasmuch,analogy,stratify,probate,meatloaf,2025-10-09
3921,log,guide,simple,huzzah,yellow,livid,2025-08-23
3922,gee,elastic,lest,status,seemingly,embalm,2026-01-16
3923,secret,aw,productive,or,whoever,whoever,2025-10-18
3924,lean,hence,tender,once,excluding,overdub,2024-10-26
3925,times,boo,merit,besides,judgementally,knowledgeable,2024-04-18
3926,spanish,snowplow,excellent,afore,well,reborn,2024-06-15
3927,whoever,respectful,mean,phooey,briefly,monthly,2025-05-26
3928,aha,abnormally,following,bakeware,absentmindedly,which,2024-03-17
3929,helpfully,translation,ick,er,scent,inasmuch,2025-01-11
3930,bookcase,cope,rough,and,inhibit,under,2024-11-21
3931,caption,uh-huh,how,fooey,despite,provided,2025-09-19
3932,triumphantly,wear,necessary,where,wing,inwardly,2024-11-24
3933,from,gown,pessimistic,exactly,devastation,while,2024-04-09
3934,needily,hassle,upbeat,impact,reservation,angrily,2024-04-26
3935,safely,stark,excepting,maul,despite,clearly,2024-11-04
3936,like,poorly,whereas,provided,fooey,than,2024-03-12
3937,upon,clear,chainstay,ugh,unaccountably,pretty,2025-09-19
3938,stump,loose,because,tragic,fence,but,2024-11-28
3939,physically,between,hmph,huzzah,enthusiastically,promise,2024-04-11
3940,testify,equally,finally,eventually,athwart,circa,2024-06-21
3941,although,intermesh,unlike,even,yet,knowledgeably,2026-01-03
3942,zowie,chiffonier,likewise,wilt,per,aha,2025-02-02
3943,calculating,rebuke,inure,mid,decriminalize,finally,2024-10-14
3944,shyly,triumphantly,incidentally,dissemble,worriedly,buzzing,2024-03-07
3945,hoof,briefly,wolf,couch,consequently,where,2025-09-01
3946,enroll,indeed,perp,abscond,decouple,badly,2025-02-09
3947,or,whoever,pace,hoof,across,cellar,2025-12-14
3948,efface,why,spring,when,stack,insignificant,2024-06-24
3949,phooey,gadzooks,putrid,pish,unibody,over,2026-01-12
3950,though,oval,while,platter,oh,mummify,2025-01-03
3951,lest,mmm,provided,devil,caring,besides,2025-04-29
3952,offensively,supposing,tag,if,legging,cemetery,2025-05-25
3953,prestigious,uh-huh,motor,handful,mature,apt,2025-10-17
3954,around,but,after,violin,frizzy,well-groomed,2025-10-25
3955,smoothly,likewise,cannon,sure-footed,lack,meander,2024-03-05
3956,rudely,unlined,handle,pacemaker,torn,unearth,2024-08-15
3957,polyester,affectionate,common,up,married,limp,2025-04-06
3958,correctly,yippee,expert,broken,ew,consequently,2025-04-16
3959,quietly,aw,longingly,er,bungalow,around,2025-10-10
3960,belabor,redress,unnecessarily,option,beloved,lively,2024-08-18
3961,ick,lest,meanwhile,chow,straight,outnumber,2024-10-28
3962,mothball,provided,pro,hose,truthfully,however,2024-09-30
3963,slump,forecast,elegantly,ick,deliquesce,ouch,2025-11-12
3964,mortally,since,supposing,tarry,loudly,ouch,2025-10-11
3965,arrogantly,um,independence,prime,border,instead,2024-11-15
3966,submissive,quaintly,surprised,surface,bobble,nor,2025-06-17
3967,toaster,coop,barring,poorly,spirited,impanel,2025-09-16
3968,wherever,meanwhile,mmm,babushka,mmm,modulo,2026-01-06
3969,woot,or,yippee,yuck,newsprint,aw,2024-10-06
3970,astride,geez,ew,whether,minor,strictly,2024-10-25
3971,whether,ick,kit,peninsula,happily,ouch,2025-10-13
3972,ceramic,acidly,physically,dual,sprinkles,yet,2024-10-17
3973,in,how,mid,pack,ick,serenade,2024-07-07
3974,psst,duh,submissive,unless,depot,within,2025-04-30
3975,frankly,phooey,once,commonly,by,phooey,2024-04-23
3976,that,capitalise,circa,however,now,acidly,2026-02-10
3977,diver,penalise,frightfully,quietly,a,plan,2025-02-21
3978,swim,wildly,although,meh,who,huff,2025-02-28
3979,madly,an,slip,incidentally,blue,wherever,2024-11-13
3980,brr,whereas,huzzah,duh,yowza,inasmuch,2025-11-07
3981,briskly,burgeon,exactly,venture,phew,crackle,2025-08-01
3982,kindheartedly,sticker,version,hm,hamburger,gosh,2024-04-15
3983,baa,swordfish,oh,second-hand,nor,taut,2026-02-17
3984,which,opposite,stunning,while,chow,inasmuch,2024-04-25
3985,meanwhile,pleased,whose,flawless,yet,cram,2024-03-07
3986,aha,across,loaf,until,through,rot,2024-10-24
3987,regarding,far-flung,officially,bootleg,wildly,stark,2025-03-14
3988,stiffen,flood,outrageous,aha,switch,woot,2026-02-20
3989,delirious,viciously,tributary,authorized,whoever,amidst,2024-04-22
3990,obnoxiously,citizen,down,tense,barring,stall,2026-01-26
3991,unsteady,fraternise,demonstrate,ignite,ha,variable,2025-02-22
3992,vivaciously,funny,legend,facilitate,searchingly,ignorant,2026-02-13
3993,unblinking,amidst,monthly,stack,stealthily,yippee,2025-08-26
3994,conceal,outside,besides,fun,madly,waver,2025-12-16
3995,boo,tabulate,since,around,um,so,2025-06-20
3996,keenly,duh,well-off,chip,impish,king,2025-08-03
3997,bah,aw,pish,injunction,aw,truthfully,2024-03-19
3998,intervention,brr,circulate,crushing,paralyse,bah,2024-05-01
3999,aw,fervently,repeatedly,tennis,adventurously,ha,2024-07-30
4000,though,pfft,low,likewise,drat,provided,2026-01-10
4001,fortunately,jeopardise,whenever,detective,declaration,international,2024-09-29
4002,of,decisive,immense,pish,reapply,bungalow,2024-07-30
4003,gloat,brook,with,familiar,excitedly,unnecessarily,2025-11-01
4004,never,cleverly,openly,internationalize,since,clear,2025-12-31
4005,dereference,indeed,onto,gah,down,near,2025-07-11
4006,broadly,left,stiff,briskly,lonely,insist,2024-09-06
4007,given,salty,meanwhile,unlike,hm,heavily,2025-03-24
4008,calmly,astride,misspend,towards,lightly,enlightened,2025-02-22
4009,near,fixed,dividend,royal,simple,however,2025-11-01
4010,indeed,blah,after,irritably,gosh,without,2024-10-01
4011,duh,huzzah,after,waterlogged,per,mostly,2025-03-24
4012,fooey,address,ravioli,as,gee,curry,2025-01-30
4013,pike,acquaintance,because,warmly,than,dreary,2025-12-20
4014,hollow,despite,newsletter,anenst,tuxedo,collaborate,2024-11-27
4015,equatorial,sprinkles,upside-down,cauliflower,aw,who,2025-11-19
4016,cheerfully,consequently,unlike,abaft,gee,priesthood,2025-01-30
4017,suckle,giving,ultimately,whoa,finally,duh,2025-11-06
4018,oh,cop-out,boo,chap,junior,shallow,2025-03-05
4019,on,singe,unto,ugh,why,dwell,2026-02-13
4020,overheard,because,velvety,during,pliers,excellent,2025-03-04
4021,bah,sternly,famously,pale,potentially,readily,2024-08-22
4022,though,unlearn,ah,ugh,reboot,contrail,2025-06-30
4023,whenever,sew,throughout,considering,gadzooks,vanadyl,2024-06-27
4024,pastel,pitiful,next,truthfully,noisily,subtle,2026-02-20
4025,casket,yahoo,absent,upright,uh-huh,drat,2024-11-23
4026,sleepily,subdued,forswear,via,but,wilderness,2025-11-14
4027,phew,midst,shakily,train,tank,rare,2024-08-01
4028,hence,oddly,substantiate,gosh,unaccountably,aged,2025-01-28
4029,however,patroller,willfully,appropriate,as,cricket,2024-07-30
4030,how,entwine,delicious,presume,even,yippee,2025-06-28
4031,gadzooks,out,rawhide,suffocate,that,sauerkraut,2025-09-10
4032,wisely,potable,radiant,given,whoever,hence,2024-05-27
4033,doubtfully,across,adult,gee,than,drat,2025-10-16
4034,deflect,intrigue,juvenile,yippee,vivacious,gosh,2025-03-24
4035,humor,steak,rally,sarong,yahoo,frequent,2024-08-23
4036,hmph,deliberately,unwieldy,ill,lend,inhibit,2024-06-26
4037,bourgeoisie,questionably,beloved,with,courtroom,solicit,2024-12-26
4038,longingly,sweetly,that,rusty,provided,gee,2024-04-26
4039,blah,deep,knotty,greatly,continually,sunny,2024-07-10
4040,mammoth,sans,well-worn,phooey,fooey,mid,2024-09-26
4041,bidet,deplore,ack,notwithstanding,yum,whether,2025-12-08
4042,comestible,unnaturally,times,a,scented,excepting,2024-03-19
4043,decongestant,mediocre,cleaner,uh-huh,uh-huh,via,2024-07-08
4044,battle,eyebrow,entire,hm,horse,afore,2024-09-26
4045,assail,fairly,if,guzzle,whimsical,pip,2026-02-15
4046,though,accomplished,merge,where,regarding,chapel,2024-03-17
4047,winding,garage,encouragement,marksman,thyme,aha,2025-08-05
4048,affectionate,overconfidently,govern,triumphantly,inasmuch,cappelletti,2025-06-30
4049,whose,appreciate,yum,meanwhile,underneath,toward,2025-05-20
4050,grown,wherever,yowza,drat,yahoo,destock,2025-06-04
4051,once,emotional,slimy,sticker,upward,blah,2025-08-12
4052,regularly,misappropriate,or,oddly,that,but,2025-03-15
4053,wordy,invite,than,asset,concerned,stack,2024-08-05
4054,sorrowful,up,meanwhile,mild,whoa,grim,2025-06-25
4055,fiercely,with,zany,grown,knuckle,apologise,2025-11-12
4056,throughout,sudden,old-fashioned,unit,debut,after,2025-02-16
4057,whenever,incidentally,after,upbeat,impressive,of,2025-06-16
4058,guest,showy,old,neck,nor,randomize,2025-03-15
4059,whoever,depend,instead,firm,unimpressively,creator,2025-08-27
4060,of,noisily,finally,yuck,well-to-do,barring,2025-04-07
4061,terrible,perp,roger,monthly,zowie,charm,2025-01-23
4062,about,notwithstanding,whoa,sediment,even,mosh,2024-06-22
4063,the,rival,yahoo,or,hmph,violent,2025-11-23
4064,provider,question,orchestrate,unhealthy,calculus,above,2024-05-14
4065,worth,evil,yuck,formamide,stale,right,2025-02-01
4066,rotten,scorn,squeaky,yawningly,now,bravely,2024-07-27
4067,worth,that,towards,pixellate,boohoo,wetly,2024-07-27
4068,pneumonia,digitize,above,intrigue,drat,equal,2025-01-02
4069,who,humor,reassemble,gestate,measly,subexpression,2024-07-14
4070,brr,equally,yum,legal,triumphantly,appertain,2024-12-23
4071,what,nectarine,stock,honestly,um,devoted,2024-08-05
4072,loosely,proper,rotating,shiny,whoever,necklace,2024-06-15
4073,hm,supposing,swine,reword,whispered,know,2024-03-03
4074,duh,of,neighboring,uh-huh,forenenst,wherever,2024-05-30
4075,and,and,wee,pace,beyond,request,2025-08-20
4076,chime,indeed,insecure,unnaturally,unzip,toaster,2024-07-25
4077,attraction,with,zowie,phew,if,foolishly,2025-02-09
4078,repeatedly,father,whoa,yowza,since,an,2025-06-24
4079,nun,spotless,hm,pneumonia,gadzooks,atop,2024-08-14
4080,especially,mortally,tail,gadzooks,orchid,highly,2025-08-03
4081,since,bind,finger,pastel,circa,hamburger,2024-11-06
4082,geez,consign,enraged,next,mechanically,beyond,2024-06-10
4083,happily,furiously,yippee,brr,override,overcharge,2025-09-15
4084,metabolise,almighty,suspiciously,glider,yahoo,jealous,2025-04-24
4085,understanding,internalise,tributary,ha,thorny,that,2025-09-03
4086,whereas,overdue,miskey,suckle,bulky,until,2025-01-25
4087,mmm,implode,astride,rusty,astride,gosh,2024-05-03
4088,fowl,searchingly,ah,soybean,because,flat,2026-01-31
4089,elliptical,lest,drat,well-made,yet,traditionalism,2024-10-11
4090,even,gown,certainly,characterization,devastation,assured,2026-01-04
4091,consequently,wherever,now,biodegrade,siege,yuppify,2025-06-04
4092,hence,yippee,doubter,finally,neglected,libel,2025-03-17
4093,ligate,youthfully,actually,supplier,whose,mmm,2024-11-28
4094,ring,towards,from,worth,where,obnoxiously,2024-09-18
4095,sleet,edible,yowza,more,readies,because,2025-01-30
4096,hence,gradient,so,genuine,gracious,throughout,2024-05-25
4097,shameless,defendant,white,glisten,partially,eek,2025-06-02
4098,yuck,chip,rally,alongside,gadzooks,furthermore,2025-07-09
4099,gosh,incidentally,why,outside,and,failing,2024-05-02
4100,including,readily,cod,defendant,snappy,stranger,2025-08-03
4101,except,anti,yahoo,before,boss,since,2025-05-24
4102,jumbo,boohoo,backbone,address,kaleidoscopic,severe,2025-07-04
4103,impact,upon,oh,potentially,oof,dual,2026-02-22
4104,unruly,serene,um,characterization,coolly,worth,2024-11-21
4105,save,emotional,randomize,bore,during,between,2025-06-13
4106,when,coolly,oh,colorize,runway,shy,2025-10-23
4107,or,sans,mythology,phew,stingy,gee,2025-01-23
4108,healthily,yippee,whoever,which,cheap,mispronounce,2025-01-06
4109,woot,woot,cruelly,shirk,graffiti,partial,2024-08-09
4110,antagonize,fluctuate,stable,nor,if,vainly,2026-02-04
4111,hmph,consequently,colon,political,righteously,towards,2024-04-07
4112,sweetly,inasmuch,huzzah,emerge,harmful,major,2025-02-09
4113,lay,off,versus,outsource,self-confidence,briefly,2025-01-22
4114,stylish,huzzah,pigsty,unnecessarily,whoever,hmph,2024-03-14
4115,duh,after,dimly,merrily,cuckoo,after,2025-02-02
4116,now,speedy,toaster,until,kaleidoscopic,disgorge,2024-09-29
4117,handover,smoothly,task,geez,instruction,stupendous,2024-05-17
4118,whoever,eventually,upon,extension,patiently,scout,2025-09-02
4119,sheepishly,but,knavishly,boohoo,kookily,stump,2024-12-05
4120,absent,overcook,whoa,treasure,ignorant,upset,2026-02-04
4121,delectable,black,gee,boo,basic,whenever,2024-09-01
4122,alongside,velocity,tinted,sans,onto,ride,2025-08-08
4123,familiar,jellyfish,monasticism,whose,aw,emergent,2025-10-03
4124,sprinkles,and,furthermore,suffice,as,scale,2025-12-02
4125,closed,dazzling,brr,blah,notwithstanding,status,2025-01-29
4126,grumpy,interviewer,pleasing,pish,ouch,for,2024-07-02
4127,fence,times,yum,pop,unnecessarily,surprisingly,2024-07-22
4128,while,besides,concerning,intermesh,beyond,swath,2025-12-17
4129,importance,superb,cod,whoa,during,igloo,2024-07-14
4130,beside,mature,nearly,duh,apud,progress,2025-05-14
4131,worriedly,unless,er,produce,obedient,boastfully,2025-02-22
4132,huzzah,unexpectedly,fooey,bleakly,duh,anenst,2025-06-21
4133,as,hm,upright,unto,nicely,before,2024-08-20
4134,quietly,dusk,till,veto,married,lovingly,2025-05-25
4135,inasmuch,duh,geez,never,cease,oh,2025-11-11
4136,afore,that,enlightened,spew,bungalow,huzzah,2024-07-24
4137,slather,department,forgo,outside,sequester,puppet,2024-03-21
4138,definite,internalize,dead,out,except,ick,2024-07-09
4139,splosh,archive,distinction,splurge,legend,gee,2024-05-25
4140,license,for,off,hmph,ah,busily,2024-11-29
4141,scaffold,vivacious,hm,reasonable,so,plait,2024-05-02
4142,necklace,duh,until,wonderful,boohoo,neatly,2025-11-05
4143,if,premeditation,unfortunately,technician,tuber,co-producer,2025-02-03
4144,marvelous,uh-huh,lightly,charm,rigid,sell,2025-02-22
4145,dependency,faraway,duh,um,safely,whack,2024-05-09
4146,goose,ruddy,like,meanwhile,habit,marvelous,2024-09-16
4147,amid,why,yet,govern,bide,modulo,2024-03-22
4148,brr,about,skean,kaleidoscopic,since,coincide,2024-06-30
4149,ah,forenenst,extract,ah,clamor,as,2024-07-18
4150,almost,develop,especially,round,joyful,gleefully,2025-03-28
4151,ah,upright,cheerfully,off,so,extent,2025-05-09
4152,cavernous,partially,outrun,by,phew,snappy,2024-08-24
4153,rival,ouch,willing,lest,rebuke,underneath,2025-10-26
4154,duh,not,mortally,marketplace,kindly,march,2025-11-22
4155,chilly,forceful,birdbath,yowza,speedy,equally,2025-04-13
4156,haul,annual,furthermore,unlike,an,dimly,2024-12-05
4157,oof,collectivization,even,deny,than,drat,2025-11-18
4158,as,yowza,boss,soupy,awkwardly,vastly,2024-06-09
4159,mid,off,dull,gasp,overburden,which,2025-06-30
4160,descriptive,gadzooks,within,alongside,and,confiscate,2025-06-02
4161,after,integer,piglet,ocelot,though,metabolite,2026-01-16
4162,under,likewise,shoulder,lady,hm,redevelop,2026-02-22
4163,bulky,dally,physically,enlightened,mainstream,er,2024-12-15
4164,compete,menacing,miskey,accidentally,thankfully,bookcase,2025-05-31
4165,righteously,equally,interior,pink,event,pro,2024-10-27
4166,through,than,outside,negotiation,kooky,per,2025-08-07
4167,unless,underneath,wholly,amidst,usually,version,2025-08-19
4168,propound,astride,ha,excepting,fax,secularize,2024-11-21
4169,hyphenation,sweatshop,ha,headline,lounge,yuck,2024-08-26
4170,worriedly,merrily,overcharge,likewise,final,descriptive,2025-07-23
4171,wearily,pricey,why,shrilly,emphasise,caption,2026-02-05
4172,down,elevator,incidentally,twine,vice,what,2024-11-26
4173,precedent,treasure,brr,hence,shaft,but,2025-06-09
4174,however,yum,furthermore,glass,oof,camouflage,2025-02-02
4175,even,concerning,indelible,like,yum,defrag,2024-08-14
4176,pish,zowie,fooey,inasmuch,rebuild,whoa,2024-12-19
4177,unto,extract,an,apud,unfurl,councilman,2025-12-06
4178,during,since,sauerkraut,fragrant,absent,whereas,2024-07-26
4179,pecan,implode,gnash,onto,between,duh,2024-05-13
4180,regarding,grubby,finally,solidly,huzzah,besides,2024-05-29
4181,likewise,yuck,angrily,mixture,unpleasant,including,2024-09-28
4182,so,ack,aw,remark,helplessly,times,2025-02-24
4183,incidentally,very,sedately,clear,birth,aside,2024-06-02
4184,lively,however,even,guilty,fen,until,2024-08-03
4185,shrilly,fold,sun,drat,like,where,2024-09-10
4186,bah,intellect,commonly,blue,furiously,seemingly,2025-02-26
4187,wing,tankful,pacemaker,untimely,vainly,separate,2024-04-07
4188,knottily,celebrated,grouper,intensely,boo,in,2024-10-01
4189,unique,language,pace,lumbering,ugh,apud,2025-02-01
4190,hutch,athwart,ah,impostor,lest,bleak,2025-04-03
4191,duh,past,really,hmph,rewrite,yippee,2024-05-28
4192,upward,fuel,legging,elegantly,around,meanwhile,2025-05-19
4193,circa,sniff,fuel,troubled,low,eek,2025-01-03
4194,awful,meaningfully,knowledgeably,cappelletti,blah,custody,2024-05-01
4195,unaccountably,foodstuffs,nor,charlatan,zowie,eek,2025-12-08
4196,cinch,once,yahoo,retract,save,clinking,2026-01-05
4197,duh,hassle,before,yet,enhance,unexpectedly,2026-02-14
4198,psst,below,that,weakly,ferret,lest,2025-09-10
4199,where,but,putrefy,badly,by,boohoo,2024-06-12
4200,yesterday,shiny,clamp,blah,from,consequently,2025-10-08
4201,ick,unblinking,convoke,gripper,whirlwind,longingly,2025-02-21
4202,gummy,libel,strictly,programme,merge,even,2024-11-28
4203,naturally,porter,afore,deep,produce,airbrush,2024-04-16
4204,consequently,carefully,ew,hope,yum,even,2025-11-14
4205,sniveling,bump,provided,construe,tense,boohoo,2025-12-11
4206,filter,and,whistle,general,hm,alongside,2025-08-12
4207,hearten,since,whether,indeed,bright,till,2025-10-24
4208,sequester,rowdy,flight,vary,fixed,knavishly,2024-08-15
4209,yippee,jaggedly,ripe,reschedule,endow,zesty,2026-02-06
4210,evenly,softly,well-to-do,than,but,grandson,2025-09-30
4211,scuffle,carelessly,exalted,jive,linseed,pear,2024-04-26
4212,huzzah,acidly,frenetically,phooey,low,knottily,2024-08-18
4213,executor,within,break,lest,jealously,ceramic,2024-04-13
4214,availability,confound,solicit,phew,yowza,follower,2025-10-04
4215,wholly,coast,questionably,generously,verbally,below,2025-06-19
4216,soupy,indeed,gee,beautifully,unfreeze,colorize,2024-05-06
4217,below,all,while,gazebo,once,excepting,2025-03-15
4218,obvious,ugh,phew,brr,what,though,2024-10-21
4219,widow,ick,up,majestically,er,convince,2025-07-24
4220,versus,yet,helpless,narrowcast,fooey,via,2026-02-01
4221,towards,reassuringly,veto,circa,off,gah,2024-09-18
4222,wrathful,than,clonk,ew,mysteriously,arrogantly,2024-05-22
4223,wretched,easily,awkwardly,against,instructor,separate,2025-02-20
4224,bookcase,though,accelerator,woot,known,heavenly,2024-05-12
4225,fishery,following,before,scheme,typeface,dowse,2026-01-20
4226,reassuringly,what,nor,thoroughly,dereference,mmm,2024-10-19
4227,whenever,woot,defiantly,lined,down,furthermore,2025-06-28
4228,enlightened,than,goat,yahoo,pfft,paltry,2024-10-02
4229,consequently,grumpy,proofread,correctly,frightfully,wildly,2025-12-26
4230,awkwardly,palate,gee,valuable,custody,swine,2024-07-05
4231,quit,usher,machine,broadly,contractor,what,2025-02-11
4232,versus,aw,boo,as,indeed,along,2024-11-21
4233,exterior,midwife,delicious,ignite,versus,sans,2026-02-18
4234,phew,adventurously,lest,exactly,whether,when,2024-08-12
4235,maestro,boo,pish,ah,mmm,anti,2024-11-06
4236,hidden,oxidise,aside,endow,evil,cruelty,2025-11-11
4237,ocelot,impure,eventually,anticodon,plain,ugh,2025-11-09
4238,oh,promptly,upon,near,unlike,mmm,2024-08-27
4239,likewise,subtract,indeed,yearningly,next,sans,2024-05-31
4240,repeatedly,including,above,during,curly,arbitrate,2025-10-18
4241,failing,cap,quicker,expert,dispose,granular,2025-10-02
4242,woot,per,discrete,loyalty,as,dimly,2025-07-01
4243,roughly,cloudy,even,strident,mould,well-made,2024-11-27
4244,more,heroine,yuck,mallard,the,yahoo,2025-06-14
4245,huzzah,brr,although,drat,pfft,motivate,2025-04-07
4246,properly,which,phew,out,heartbeat,whoever,2025-08-05
4247,before,ascertain,instead,versus,modulo,communicate,2025-11-03
4248,through,oh,irk,hmph,eek,elegantly,2024-05-28
4249,inside,tinted,how,yuck,yet,tighten,2025-05-07
4250,management,likewise,uselessly,where,too,who,2025-02-14
4251,unnaturally,where,knowingly,wheel,injunction,unabashedly,2024-08-18
4252,fooey,knottily,whereas,after,hence,whenever,2025-12-15
4253,silk,primary,upside-down,whack,whoever,in,2024-10-30
4254,vainly,but,oil,where,roughly,apud,2025-11-26
4255,gadzooks,wholly,superficial,bitterly,than,innovation,2025-01-16
4256,impact,divert,gah,mmm,suckle,generously,2025-02-04
4257,drat,hexagon,polite,blah,gadzooks,hm,2025-08-08
4258,but,triumphantly,uneven,yahoo,unabashedly,considering,2026-02-10
4259,since,yet,wrongly,purse,possession,adult,2026-02-01
4260,instead,ah,posh,after,though,bah,2025-06-19
4261,duh,gosh,repossess,pixellate,ha,ack,2024-04-08
4262,boohoo,aw,considering,oh,pfft,kindly,2025-07-26
4263,tidy,rarely,inhibit,some,whenever,help,2025-11-02
4264,limited,barracks,damp,likewise,and,where,2025-04-27
4265,since,hypothesize,jagged,interchange,overconfidently,colligate,2024-06-24
4266,ouch,armchair,pharmacopoeia,along,across,divine,2024-11-12
4267,whoa,if,whether,zowie,what,oof,2024-11-26
4268,whether,curry,ha,miserably,icebreaker,overconfidently,2025-08-06
4269,clearly,handsome,premise,slake,smoothly,blight,2024-05-13
4270,for,quick,without,uneven,vacantly,although,2024-09-19
4271,aha,successfully,amend,overspend,huff,perfectly,2025-06-02
4272,yuck,married,what,always,around,passport,2025-06-23
4273,colligate,after,scary,boring,without,bidet,2025-02-28
4274,fathom,patroller,dispose,like,supposing,athwart,2024-12-23
4275,indeed,junior,whose,ferret,stylish,moist,2024-11-03
4276,surprisingly,worth,ecstatic,boohoo,recklessly,bossy,2025-02-24
4277,since,depend,who,boo,hard-to-find,reprimand,2024-06-29
4278,partially,outrank,to,deeply,inasmuch,bloom,2025-08-17
4279,because,furthermore,blond,pfft,when,jealously,2024-08-08
4280,poorly,depute,tremendously,beneficial,blah,joy,2024-12-15
4281,rust,afterwards,yuck,hm,fall,who,2024-05-26
4282,discourse,than,alert,shinny,lazily,annually,2024-08-30
4283,wherever,drat,airbrush,technologist,aha,though,2025-12-29
4284,veg,guidance,shyly,aw,quietly,personal,2024-06-19
4285,valiantly,as,punctually,suffocate,what,eek,2024-03-27
4286,bah,and,ruddy,huzzah,till,transcend,2026-02-16
4287,subexpression,jovially,once,produce,eek,sternly,2025-12-05
4288,nervously,however,distant,until,gah,programme,2024-08-02
4289,toward,short-term,redact,which,unimpressively,gut,2025-10-10
4290,wholly,obstruct,including,enormously,sock,gosh,2024-03-08
4291,eek,beautifully,barring,brightly,huzzah,geez,2024-05-25
4292,inside,formal,fearless,comestible,transom,gah,2025-07-28
4293,fatally,paltry,boo,warmly,inasmuch,afterwards,2024-03-02
4294,finally,before,technician,towards,now,sham,2024-10-31
4295,hence,cash,elver,who,aboard,upside-down,2024-06-03
4296,red,prejudge,blushing,aw,ew,inasmuch,2025-04-11
4297,apropos,hmph,gosh,so,quantify,supposing,2024-08-11
4298,alive,freight,account,partridge,depute,delightfully,2025-07-04
4299,elegantly,toward,gee,meanwhile,hover,besides,2025-09-10
4300,whether,unfortunate,since,gift,strident,towards,2024-12-25
4301,now,cautiously,careless,what,though,pertain,2024-05-16
4302,per,including,ugh,mmm,fairly,nor,2025-05-12
4303,uniform,reopen,pacemaker,coincide,hungrily,nutritious,2025-01-19
4304,kiddingly,indeed,volleyball,outstanding,whether,whoa,2025-04-26
4305,yum,upward,so,reflate,fiddle,creaking,2025-02-16
4306,sans,concrete,incline,subtract,whose,hmph,2025-06-30
4307,selfishly,proofread,vice,fondly,now,drat,2024-03-09
4308,striking,mmm,monocle,caption,attest,tarragon,2025-09-26
4309,filter,intermix,jaunty,complication,underneath,sarong,2025-04-12
4310,covenant,publication,supposing,following,impanel,unto,2024-04-16
4311,hospitalization,of,for,ah,but,countess,2026-02-11
4312,connect,towards,peaceful,beyond,out,joyously,2025-04-03
4313,politely,inasmuch,exhaust,classic,fast,amid,2025-03-31
4314,wherever,wherever,obediently,through,carefree,disconnection,2025-01-19
4315,valiantly,on,utilized,cheap,strictly,tepid,2024-08-07
4316,geez,submitter,what,apropos,where,yahoo,2025-03-21
4317,destock,aha,trim,gigantic,vacantly,concerning,2025-07-24
4318,narrowcast,drat,mispronounce,swerve,forenenst,sure-footed,2025-06-19
4319,downright,white,proselytise,although,officially,defensive,2024-12-11
4320,wherever,fatally,above,vainly,astride,second-hand,2025-12-29
4321,meh,wisecrack,boggle,qua,aware,tomorrow,2025-03-15
4322,before,apparatus,pulse,knowledgeable,but,after,2025-04-28
4323,upright,eek,pish,swanling,accompany,finally,2025-01-10
4324,helplessly,ugh,overspend,excluding,failing,around,2024-08-13
4325,forsaken,wedge,understanding,during,ha,mooch,2025-09-03
4326,intermesh,along,atop,furthermore,whoa,huzzah,2025-04-21
4327,sand,highly,hourly,intermarry,aha,mid,2026-01-12
4328,so,with,westernize,schematise,yippee,volunteer,2025-04-20
4329,indeed,since,overreact,militate,bob,helplessly,2024-06-09
4330,profitable,times,unless,famously,break,how,2024-12-23
4331,ignorant,modulo,for,about,unto,yet,2024-03-23
4332,oily,around,turbulent,step,discrete,how,2026-01-21
4333,obedient,times,crumble,inasmuch,impostor,yuck,2025-03-12
4334,step,consequently,drowse,if,inure,rewarding,2025-06-07
4335,underneath,how,furthermore,gleefully,lyre,except,2024-08-24
4336,hm,excited,physical,inasmuch,upbeat,duh,2024-03-07
4337,coop,joyously,below,mid,frightfully,furthermore,2024-07-21
4338,aw,bitter,reluctantly,surprise,galoshes,wildly,2025-03-09
4339,deadly,incidentally,unabashedly,fowl,degrease,ick,2025-02-10
4340,athwart,when,deplore,festival,majestically,rarely,2025-05-05
4341,perspire,pinion,like,vibrant,along,pulp,2024-03-26
4342,unexpectedly,indeed,cosset,nicely,scamper,gee,2024-07-16
4343,pointed,license,cleaner,spook,aw,amazing,2024-03-07
4344,supposing,hourly,till,reckon,sunbeam,zowie,2025-03-14
4345,aha,on,jot,attend,horn,onto,2025-01-31
4346,hungrily,provided,grandiose,furlough,until,if,2025-10-27
4347,bah,considering,for,velvety,forenenst,gummy,2025-01-24
4348,popularize,nautical,among,doubter,straw,inconsequential,2025-08-21
4349,notwithstanding,zowie,where,apud,amid,but,2024-05-09
4350,wedding,um,experience,clearly,superb,instead,2025-08-30
4351,immediately,concerning,swelter,pleased,openly,circa,2026-02-06
4352,minus,minty,boo,briskly,er,easy,2025-02-27
4353,pension,zowie,ha,hydrolyse,hoick,quinoa,2025-05-01
4354,immense,really,which,modulo,colossal,woot,2024-05-05
4355,bestride,within,ack,question,dual,abaft,2024-05-31
4356,brr,gah,which,inculcate,yahoo,concerning,2026-02-02
4357,bide,laughter,amongst,trivial,glossy,times,2025-12-12
4358,ew,lawful,what,lone,huzzah,shallow,2025-07-28
4359,far-off,hopelessly,popularity,ick,now,apostrophize,2024-10-17
4360,whirlwind,ha,kindheartedly,furthermore,even,oof,2026-01-21
4361,unlike,careless,whose,unfortunate,bulky,what,2024-10-01
4362,drat,ugly,instead,fort,hyena,furthermore,2024-10-15
4363,colour,different,hope,hope,bah,beside,2025-10-20
4364,whose,absent,buzzing,enlist,political,cheetah,2025-08-18
4365,gee,pillow,concerning,velocity,even,freckle,2025-02-07
4366,vulgarise,programme,a,cop,delectable,violent,2024-04-17
4367,mockingly,yuck,to,elver,zowie,physically,2026-01-10
4368,cruel,whoever,tank,failing,er,poorly,2025-08-20
4369,indeed,so,hmph,bide,improbable,satirise,2025-06-04
4370,duh,eek,defrag,too,um,thigh,2024-07-22
4371,phooey,retrospectivity,exacerbate,gah,alongside,rectangular,2025-12-03
4372,from,frightfully,for,since,gee,executor,2024-10-21
4373,where,yippee,meh,awkwardly,ceramics,recovery,2025-08-12
4374,gosh,blah,failing,incidentally,digital,microchip,2024-12-10
4375,so,duh,ick,reprove,uh-huh,make,2024-04-26
4376,annual,purse,manner,wherever,wombat,consequently,2025-08-11
4377,till,mindless,sashay,councilman,garrote,archive,2025-01-28
4378,upside-down,while,poorly,dutiful,serene,which,2024-04-24
4379,brr,tepid,adventurously,stale,ugh,longingly,2025-12-27
4380,reel,restfully,beret,provided,untrue,shanghai,2026-01-25
4381,jubilant,inspect,recompense,bolster,serpentine,amendment,2025-08-07
4382,in,whoever,furthermore,scoff,furthermore,likewise,2025-12-24
4383,usefully,windy,questionable,furthermore,instance,given,2025-02-02
4384,however,desecrate,yuck,idle,silver,furlough,2025-04-26
4385,satirise,bore,bah,strictly,till,vainly,2025-04-05
4386,aside,seemingly,abaft,than,amid,verbally,2025-11-19
4387,as,whereas,woot,elastic,across,whoever,2025-01-16
4388,accredit,powerfully,accredit,behind,stormy,gadzooks,2026-01-23
4389,hence,quizzically,wherever,elevator,epic,quarrelsomely,2024-03-21
4390,helplessly,who,glaring,mobility,than,drat,2024-10-06
4391,aside,midst,whenever,youthfully,boo,as,2025-04-24
4392,with,rag,unless,madly,whether,dime,2024-08-12
4393,like,ew,when,stiff,qualified,regular,2025-03-22
4394,pish,ha,owlishly,overvalue,before,from,2024-12-14
4395,home,supplier,whether,offset,round,supposing,2025-09-03
4396,whose,meanwhile,why,gallivant,versus,bah,2025-03-10
4397,footrest,hm,limp,unique,possible,among,2025-09-20
4398,tray,lumpy,frightened,nor,yowza,plastic,2025-03-14
4399,mentor,badly,compete,uh-huh,sedately,even,2025-12-18
4400,misreport,trivial,reiterate,neatly,railway,sarong,2025-06-21
4401,righteously,sad,unimportant,among,furthermore,who,2024-05-29
4402,powerfully,unfortunately,naturally,underneath,in,violently,2025-10-31
4403,hence,yowza,uneven,boo,minty,lecture,2025-11-07
4404,lox,gah,emphasize,modulo,alert,ouch,2025-11-04
4405,bewail,frightfully,spew,down,tomorrow,mysteriously,2025-09-03
4406,criminal,hmph,giant,unto,cafe,impanel,2025-03-21
4407,phooey,poorly,ha,drive,down,backbone,2024-02-27
4408,colorful,notwithstanding,why,demonstrate,shipper,ugh,2024-04-23
4409,vice,scaffold,ha,zowie,eventually,beside,2024-05-09
4410,clearly,successfully,catch,ready,vacantly,casket,2025-08-06
4411,duh,ick,up,fooey,coordinated,mallard,2026-01-07
4412,pink,questioningly,knight,whose,freezing,stealthily,2025-05-31
4413,provided,as,never,in-joke,hmph,barge,2024-07-23
4414,incidentally,absent,parade,frail,for,yippee,2025-07-14
4415,provider,oddly,yum,tenement,belabor,overstay,2024-06-21
4416,until,eek,scrabble,divert,above,after,2024-03-18
4417,hmph,dream,petty,anti,lest,daintily,2025-09-14
4418,commemorate,after,unless,soon,metallic,bus,2025-08-02
4419,fatally,while,mmm,drat,ferociously,with,2025-02-08
4420,suddenly,after,if,sniff,cheetah,not,2024-06-06
4421,address,trek,stabilise,search,wherever,unbearably,2025-03-20
4422,tighten,bah,whenever,crossly,sour,aching,2025-04-09
4423,boo,unique,weatherize,draft,via,during,2024-10-04
4424,assist,sense,down,yearly,before,middle,2024-04-29
4425,quinoa,beside,grim,monthly,numeric,qualified,2025-04-19
4426,hm,whenever,vibrant,behind,eventually,jell,2026-01-17
4427,yippee,however,randomize,tempting,summarise,hence,2025-12-09
4428,pertinent,when,sundae,amidst,hmph,graceful,2024-05-12
4429,incidentally,gee,through,boo,lest,iridescence,2025-03-17
4430,around,crushing,reward,lest,sundae,apropos,2025-12-15
4431,consequently,willing,usefully,drab,finally,jagged,2024-12-09
4432,eek,hungrily,whole,oxidise,comb,roughly,2025-04-07
4433,truly,rejoin,who,incidentally,slowly,aircraft,2024-04-02
4434,finally,sheepishly,phony,ha,ick,in,2025-08-17
4435,about,cheerfully,cutover,spirit,qua,famously,2024-07-05
4436,fast,deployment,while,brr,sorrowful,reluctantly,2024-04-24
4437,apropos,consequently,bobble,chatter,gee,but,2025-09-07
4438,riser,hutch,knottily,nor,while,splurge,2025-09-12
4439,furthermore,fast,gee,injunction,diligently,although,2025-07-10
4440,blowgun,cutover,and,rigidly,dreamily,outgoing,2024-04-29
4441,object,tomorrow,successfully,pfft,with,knavishly,2024-04-30
4442,who,treasure,straight,modulo,thankfully,following,2025-09-06
4443,utilization,opposite,gape,ha,pinion,internal,2024-04-23
4444,optimal,yet,bah,brand,puppet,ick,2025-09-14
4445,atomize,devise,ack,out,following,urgently,2024-07-16
4446,jaggedly,interchange,ugh,operating,red,whereas,2024-10-18
4447,often,unkempt,shush,crooked,antagonize,puzzled,2025-10-11
4448,advanced,raw,gosh,uh-huh,acknowledge,off,2024-08-11
4449,chip,instantly,fail,whose,sundae,nor,2024-12-15
4450,meanwhile,athletic,inhibit,import,kissingly,uh-huh,2025-11-23
4451,throughout,cake,sizzling,worth,boulevard,expansion,2024-08-08
4452,so,nor,nippy,concerning,orchestrate,unlike,2024-04-24
4453,royal,annually,as,loudly,mosh,uh-huh,2024-08-22
4454,awkwardly,ha,serene,impact,through,celebrate,2025-11-03
4455,average,bump,faint,new,pointless,afford,2025-10-20
4456,baritone,yuck,almost,colossal,gladly,if,2024-05-20
4457,patiently,muscat,whether,wing,qua,after,2025-03-17
4458,beloved,appreciate,train,honesty,phooey,championship,2024-05-13
4459,awkwardly,acceptable,shinny,about,natural,airman,2025-06-21
4460,innocently,mostly,as,barring,uselessly,miserably,2025-08-16
4461,championship,blah,modulo,border,consequently,adjourn,2024-03-14
4462,technologist,affect,league,atop,diligent,impostor,2024-09-20
4463,till,very,yippee,pro,inasmuch,wherever,2025-06-17
4464,scruple,despite,zowie,coagulate,before,tapioca,2025-03-01
4465,helplessly,unto,shipper,ah,trash,rarely,2025-05-26
4466,controvert,veg,cutlet,founder,consequently,however,2025-02-14
4467,oof,acidly,if,economise,that,until,2024-06-04
4468,plus,staid,doubtfully,frightfully,provided,breakable,2025-11-03
4469,smart,stage,times,inside,obesity,possible,2024-10-29
4470,however,question,narrowcast,zany,but,zowie,2024-05-11
4471,irritably,bah,bus,kiddingly,help,dirty,2024-10-20
4472,reluctantly,mainstream,polarisation,linear,rudely,until,2025-10-18
4473,safely,questioningly,colorize,unlike,huzzah,wise,2025-01-18
4474,despite,yowza,greedy,low,wasabi,exempt,2025-07-08
4475,compete,sweetly,yowza,who,with,rapidly,2024-05-01
4476,within,retrospectivity,even,taxicab,off,since,2025-11-22
4477,obedience,duh,refine,vivid,duffel,yuck,2025-10-13
4478,shoddy,blossom,ick,blindly,sans,afore,2025-07-28
4479,afore,before,forenenst,punctually,or,pace,2024-03-13
4480,which,whenever,mid,meanwhile,oh,abaft,2025-06-19
4481,swanling,easy,yum,behold,winged,whether,2024-03-08
4482,cruelly,yippee,lest,founder,culminate,handle,2025-12-23
4483,obscure,leading,strictly,dial,sans,oof,2025-10-27
4484,however,abnegate,statement,that,tomorrow,bravely,2024-09-14
4485,inquisitively,even,content,voluntarily,story,wherever,2024-07-01
4486,furthermore,cannon,tomorrow,reasoning,polarisation,ouch,2025-10-27
4487,excepting,lest,as,steak,yet,stunning,2026-02-20
4488,midst,apropos,nerve,tooth,which,gah,2025-05-06
4489,modulo,fooey,short-term,psst,round,probate,2025-02-14
4490,precedent,before,doing,how,inasmuch,likewise,2025-06-08
4491,correctly,smuggle,mid,outside,slap,ah,2024-07-28
4492,grouchy,zowie,ignorance,who,far-flung,tensely,2024-11-10
4493,gosh,excitedly,tenant,tremendously,illiterate,community,2025-06-02
4494,advertisement,reassemble,ick,widow,quick,if,2024-07-03
4495,sociable,outside,absent,meh,evenly,through,2025-04-22
4496,shrill,lend,abaft,solemnly,woot,beyond,2024-07-14
4497,ha,silently,abaft,gadzooks,contravene,healthily,2025-11-26
4498,per,where,but,detain,anxiously,inculcate,2024-05-03
4499,climb,bright,charlatan,fail,gee,the,2025-11-15
4500,bossy,phew,libel,highly,unto,almost,2024-09-10
4501,ouch,at,midst,accidentally,inasmuch,quarrelsomely,2024-08-17
4502,segregate,daughter,sweetly,sedately,eek,right,2024-02-27
4503,whether,quietly,instruction,rebound,afore,and,2024-10-29
4504,cake,technologist,fondly,outlying,mmm,runny,2024-04-18
4505,revitalise,international,perky,lest,remand,dearest,2025-10-01
4506,hmph,enthusiastically,until,absent,mentor,scrape,2024-11-08
4507,clearly,decryption,esteemed,old-fashioned,tighten,even,2025-04-29
4508,supposing,dampen,legitimize,brr,so,as,2026-01-09
4509,enhance,fisherman,steeple,absent,embed,boo,2024-10-25
4510,beneath,apud,practical,lazily,outrun,inquisitively,2024-11-13
4511,beloved,complicated,times,blend,regular,after,2024-03-04
4512,pace,across,delightfully,um,fervently,behind,2025-10-18
4513,forswear,mindless,indeed,for,log,below,2025-02-17
4514,after,yearly,ectoderm,urgently,around,tomography,2026-02-05
4515,pace,duh,huzzah,winged,majority,spectate,2025-05-20
4516,oof,upbeat,phew,mmm,what,inasmuch,2025-03-18
4517,cool,furthermore,hence,made-up,yum,aw,2026-02-20
4518,round,lawful,excepting,uh-huh,about,adventurously,2025-04-17
4519,heavily,devastation,of,hm,vaguely,spice,2025-01-20
4520,downright,incidentally,boo,near,colossal,offend,2026-02-18
4521,darling,unless,next,whoa,furthermore,brr,2026-01-28
4522,anneal,pronoun,doubter,stunning,advocate,past,2025-03-05
4523,integer,fencing,recent,yuck,councilman,shoulder,2025-10-20
4524,those,whereas,even,a,preregister,flight,2025-04-18
4525,when,phew,attribute,drum,oof,unto,2024-05-19
4526,schematise,transom,ouch,fork,brr,furthermore,2024-07-16
4527,jogging,meh,as,whoa,tool,which,2024-08-08
4528,ferociously,quaintly,hunger,woot,advertisement,blindly,2024-12-25
4529,inasmuch,aha,ah,attraction,overconfidently,midst,2025-11-11
4530,oddball,whoa,huzzah,bidet,and,hygienic,2025-10-30
4531,hence,appliance,poppy,zowie,lazily,pack,2024-12-10
4532,of,upset,unto,incidentally,soon,save,2025-10-30
4533,quadruple,pearl,vivacious,advanced,ew,strident,2025-04-13
4534,which,wildly,cash,an,when,inasmuch,2025-09-23
4535,ruin,incidentally,saloon,costume,affiliate,quick,2025-10-17
4536,schnitzel,yum,translation,battle,per,parody,2024-12-16
4537,when,salty,lost,obedient,finally,ouch,2025-09-15
4538,athwart,mmm,retract,regarding,painfully,brr,2025-05-02
4539,friendly,among,zebra,out,advancement,victoriously,2025-06-23
4540,now,elementary,pile,import,nor,boo,2025-08-11
4541,ha,ravel,how,wherever,coolly,modulo,2025-07-26
4542,whoa,enrich,waist,pace,chatter,beyond,2025-08-04
4543,for,information,anenst,fixed,quiet,suspiciously,2025-08-13
4544,unexpectedly,reborn,toady,intermesh,needy,metal,2025-07-13
4545,galoshes,celsius,absent,familiar,plus,comparison,2024-10-19
4546,via,friendly,while,nearly,underpants,youthful,2025-12-16
4547,meaty,hm,stool,jaywalk,secularize,accentuate,2024-12-12
4548,pilot,arrogantly,while,around,including,haircut,2024-06-24
4549,next,mortar,save,wherever,responsible,scowl,2024-09-25
4550,apropos,sternly,newsstand,generally,forenenst,valuable,2025-01-01
4551,duh,yet,rapidly,muffled,diver,meanwhile,2025-11-04
4552,castanet,coaxingly,slide,stall,metallic,alienated,2025-02-22
4553,why,valley,deadly,when,via,cautious,2025-04-13
4554,pfft,why,frizzy,ick,bah,responsibility,2024-12-26
4555,lovingly,whenever,lace,fully,judgementally,duh,2024-10-21
4556,loosely,worth,satirise,gum,shakily,stage,2025-09-27
4557,quit,innovate,unaccountably,enhance,gnash,thoroughly,2025-06-13
4558,perfectly,beneath,generally,unethically,broadcast,declaration,2024-12-05
4559,tightly,angrily,zowie,black,ack,opposite,2026-01-09
4560,lest,gosh,natural,hopelessly,amongst,midst,2024-03-16
4561,powerfully,dispense,reboot,toward,yum,consequently,2024-09-14
4562,over,timely,unlucky,home,blindly,which,2025-10-06
4563,screw,oblong,because,as,stealthily,lightly,2025-06-04
4564,mild,indeed,yearly,boo,arcade,atop,2024-10-07
4565,tired,athwart,joshingly,now,excepting,rationale,2025-12-17
4566,rightfully,angrily,yuck,tenant,mainstream,pish,2025-12-12
4567,er,boo,quarrelsomely,shadowbox,taut,coop,2024-12-08
4568,likewise,however,mealy,concerning,although,gah,2025-05-04
4569,although,godparent,legal,as,unabashedly,dearly,2025-10-30
4570,if,rout,duffel,sparkling,into,boo,2026-01-13
4571,near,unconscious,livid,mechanic,when,which,2025-06-15
4572,surface,castanet,assail,wholly,developing,sunny,2025-06-26
4573,whether,nicely,armoire,notwithstanding,distorted,whoa,2024-11-14
4574,unto,wherever,octave,angelic,whereas,loyally,2025-12-07
4575,uh-huh,or,bah,idealistic,forgo,next,2025-10-23
4576,towards,yum,crushing,tensely,reasoning,tuber,2025-01-07
4577,ugh,oof,warmly,underneath,reach,aha,2024-12-03
4578,extra-large,duh,eggplant,duh,community,astride,2025-09-30
4579,yowza,celebrated,amongst,while,after,saloon,2025-12-04
4580,ha,now,lest,vague,intermesh,whereas,2025-09-17
4581,loyally,above,mean,past,swear,aha,2024-10-13
4582,appertain,coexist,lest,meh,unless,unpleasant,2024-08-05
4583,scrap,vastly,pish,pacemaker,ha,yippee,2024-08-31
4584,unethically,hyena,taxicab,emulsify,instead,eggplant,2025-12-11
4585,drat,merry,whose,slide,nor,pish,2024-05-20
4586,pantyhose,lasting,lined,once,mythology,now,2025-02-03
4587,er,scornful,er,phooey,oval,option,2026-01-18
4588,odd,worth,confute,develop,until,hmph,2024-10-17
4589,arrogantly,aw,oil,handsome,probate,questionably,2025-05-02
4590,worth,onto,till,sting,giant,joshingly,2025-11-05
4591,handful,heartache,daily,huge,that,carefully,2025-01-25
4592,supposing,although,openly,supposing,qua,including,2024-10-13
4593,openly,toward,brave,almighty,for,statue,2024-06-05
4594,boss,in,cheerful,pastel,happily,appliance,2024-11-18
4595,cardboard,astride,fatal,warm,amid,likely,2025-04-26
4596,taxicab,rigidly,comb,zowie,formation,painfully,2026-01-01
4597,vastly,restfully,courageously,dredger,triumphantly,bah,2025-11-22
4598,after,woot,psst,availability,moment,hence,2025-07-28
4599,spork,noisily,unique,wherever,neatly,dampen,2025-04-22
4600,sandbar,stiffen,supposing,wherever,yawningly,for,2025-01-24
4601,lumbering,around,about,outfox,validity,ew,2026-01-04
4602,midst,round,properly,mammoth,whereas,fraternise,2024-06-26
4603,circumnavigate,psst,tousle,lovable,yet,brilliant,2024-08-26
4604,blah,hence,alongside,affiliate,near,er,2025-05-16
4605,round,produce,innovation,inveigle,equally,ouch,2025-12-08
4606,scrape,wherever,and,since,flawed,information,2024-07-01
4607,galoshes,supposing,sour,strictly,descendant,round,2024-09-20
4608,loyally,reluctantly,quarrelsomely,as,when,earth,2025-08-01
4609,provided,ew,pish,scratchy,minor,elevation,2025-02-03
4610,sniveling,appertain,mmm,although,boring,best,2025-08-06
4611,before,tragic,during,serpentine,atop,meanwhile,2024-11-19
4612,till,boo,smarten,well,fraudster,sophisticated,2024-08-26
4613,tomb,dim,uncork,sympathetically,athwart,aha,2025-01-14
4614,fluctuate,scotch,dearly,physically,now,schnitzel,2024-12-28
4615,instantly,above,wrathful,scar,adjourn,unless,2024-12-13
4616,dial,calculating,around,limp,shrilly,postbox,2024-03-28
4617,to,geez,potable,till,hourly,untried,2025-06-02
4618,brr,octave,memorable,meanwhile,purse,what,2025-12-29
4619,jumbo,against,indolent,brr,provided,now,2025-12-12
4620,napkin,jumbo,cumbersome,er,not,almighty,2026-01-13
4621,until,exaggerate,what,appliance,gosh,comestible,2026-02-06
4622,why,vengeful,who,lashes,intently,whereas,2025-12-16
4623,experience,swill,upbeat,lest,rigidly,fishery,2024-12-31
4624,but,subtract,coexist,inwardly,since,qua,2025-04-04
4625,wee,on,farm,angrily,though,while,2024-12-24
4626,till,blah,ultimate,instead,anti,twin,2024-09-22
4627,calmly,including,drat,well-to-do,windy,jittery,2025-07-31
4628,thongs,haunting,while,but,writhing,sadly,2024-02-27
4629,via,newsstand,limp,hm,drive,classic,2026-02-19
4630,usable,honored,even,inasmuch,on,rarely,2025-05-30
4631,drat,elliptical,proud,expensive,because,regular,2024-09-16
4632,upwardly,unlike,terraform,across,angelic,mobilize,2024-07-17
4633,afore,some,fencing,between,preheat,gastropod,2025-01-25
4634,saloon,once,meaningfully,jagged,enrage,as,2024-09-20
4635,slake,bell,vengeful,unto,idolized,fondly,2024-08-17
4636,concerning,until,yearningly,concerning,well-lit,or,2025-09-11
4637,underpants,apud,bus,throughout,forswear,lively,2024-04-01
4638,oddly,from,etch,woefully,sleepy,redact,2025-11-10
4639,emotional,phooey,mad,beneath,round,shimmering,2024-12-20
4640,utilization,whereas,wherever,geez,govern,who,2025-01-13
4641,reborn,wetly,blah,cake,starboard,matter,2025-08-01
4642,icy,around,when,inasmuch,experienced,nor,2026-02-10
4643,actual,absent,sweetly,usable,parade,vice,2025-07-09
4644,an,marketplace,daddy,faraway,testify,jam-packed,2024-10-31
4645,huzzah,quarterly,splurge,futon,tectonics,buttery,2024-04-26
4646,though,monasticism,fake,mostly,upright,politely,2024-10-21
4647,deny,couch,godfather,recede,woeful,ack,2025-06-20
4648,whether,incidentally,pant,luck,ugh,regarding,2025-07-19
4649,while,fooey,petticoat,hierarchy,tidy,meh,2025-01-31
4650,barge,yellowish,strict,tomorrow,as,unibody,2025-06-22
4651,pish,hence,fill,stint,dull,finally,2026-01-27
4652,rudely,redesign,underneath,mmm,whose,as,2024-07-01
4653,manipulate,wherever,absentmindedly,when,ah,nerve,2024-09-08
4654,monthly,before,huzzah,multicolored,yowza,gracefully,2025-12-04
4655,catalyze,ha,when,gradient,or,duh,2024-03-31
4656,aha,intermesh,astride,hmph,darn,with,2025-09-17
4657,opposite,unless,yak,yieldingly,infinite,fold,2024-11-02
4658,dental,where,wonderful,hm,amid,puzzled,2025-11-09
4659,urban,of,provision,settle,youthfully,supposing,2024-08-28
4660,misfire,by,out,important,twine,helplessly,2024-09-29
4661,archive,colour,upon,following,burdensome,huzzah,2024-04-11
4662,quit,faithfully,puff,freight,whoever,boohoo,2025-12-08
4663,impressive,honestly,oddly,drat,dirty,among,2024-05-10
4664,limping,decode,like,dock,neat,unless,2025-03-23
4665,fatally,lazy,oof,descriptive,boastfully,hyena,2025-05-07
4666,thunderbolt,bashfully,generally,white,ligate,likewise,2024-05-25
4667,nippy,dual,why,plain,less,aha,2025-02-25
4668,brr,however,while,pfft,shakily,tag,2025-07-06
4669,oval,gigantic,bolster,true,agitated,fort,2024-09-29
4670,perfectly,mid,elegant,slink,topsail,degrease,2026-01-20
4671,till,weakly,busy,huzzah,sleet,censor,2024-05-13
4672,circa,anti,following,owlishly,pfft,meh,2025-01-23
4673,representation,arid,misfire,brr,so,yum,2025-12-04
4674,outside,including,vol,card,pinstripe,meadow,2025-10-31
4675,beyond,supposing,deck,abaft,provision,recklessly,2024-09-30
4676,ostrich,back,where,make,pfft,joyfully,2024-04-26
4677,phew,coaxingly,woot,swanling,clear-cut,conversation,2025-04-02
4678,ick,at,wilt,spherical,hunt,rag,2025-12-07
4679,collectivization,scratch,aboard,keel,after,wherever,2025-04-12
4680,overplay,break,if,near,though,even,2025-12-09
4681,even,rebuff,what,gulp,twine,across,2025-02-18
4682,dandelion,deep,limp,yearly,vivaciously,crackle,2025-11-06
4683,aha,patiently,reprove,numeracy,ugh,nice,2026-01-05
4684,lucky,vaguely,wherever,commonly,monthly,quick-witted,2025-01-18
4685,pfft,inasmuch,gummy,outside,zowie,yippee,2025-12-19
4686,content,tensely,tepid,zowie,overcharge,carboxyl,2025-10-19
4687,now,weekly,without,challenge,hard-to-find,psst,2025-03-07
4688,typewriter,charter,whoa,how,usually,pro,2025-10-18
4689,actually,without,ew,blushing,however,aboard,2026-02-18
4690,yahoo,upward,splurge,gosh,rudely,reborn,2026-01-27
4691,circa,sleepily,pant,transcend,adjudge,crest,2025-01-13
4692,towards,mom,till,cleave,of,ugh,2024-05-23
4693,when,lest,shrilly,outdo,tinderbox,anti,2024-10-25
4694,gut,that,maroon,aboard,mild,that,2024-11-13
4695,typeface,clamour,improbable,gosh,awful,after,2024-05-12
4696,recklessly,doodle,lone,pish,coincide,enchanting,2025-11-13
4697,mixed,uselessly,if,flash,brisk,loyally,2024-10-05
4698,jell,far,onto,well-groomed,scoop,alongside,2025-01-04
4699,quaintly,procrastinate,definite,next,homeschool,toaster,2025-04-19
4700,round,gadzooks,ew,including,including,versus,2024-11-28
4701,quantify,sailor,like,off,gosh,aged,2024-11-29
4702,cross-contamination,blah,worth,spook,livid,highly,2025-05-11
4703,preclude,whether,awkwardly,hmph,grade,into,2025-04-19
4704,disapprove,amidst,dampen,whether,outgoing,duh,2026-01-02
4705,gosh,popularity,with,aware,battle,bleach,2025-04-08
4706,better,sharply,sturdy,badly,psst,eek,2024-08-30
4707,narrowcast,on,sternly,likewise,after,thick,2025-04-26
4708,bob,motionless,boohoo,fund,beyond,aw,2025-02-03
4709,so,instead,helpless,before,optimistically,up,2025-12-24
4710,why,making,yowza,elegantly,squirm,interestingly,2024-03-13
4711,quarrelsomely,underneath,um,fast,unless,yum,2025-06-16
4712,ha,aha,international,ah,boo,finally,2024-06-26
4713,alive,igloo,grouchy,gosh,highlight,rule,2025-08-22
4714,as,wherever,so,inside,mindless,lest,2024-08-05
4715,cruelly,mmm,kissingly,if,fooey,political,2024-05-14
4716,chiffonier,brightly,gently,account,meh,ack,2026-01-11
4717,upbeat,shimmering,dense,deed,brochure,ethyl,2024-06-12
4718,um,hm,which,badly,markup,old,2024-08-18
4719,castanet,eek,cantaloupe,gadzooks,though,successfully,2025-11-25
4720,after,nearly,graft,yellowish,shakily,bah,2024-07-29
4721,since,recent,below,quadruple,wing,where,2024-08-23
4722,strategy,indeed,bolster,where,expatiate,afore,2025-09-08
4723,that,schematise,welcome,lovingly,exempt,hospitable,2025-01-28
4724,than,long,finally,reach,so,yellowish,2024-09-28
4725,deadly,wherever,whenever,mallard,dicker,superior,2025-10-18
4726,insolence,dock,unless,brr,bah,aw,2025-05-17
4727,fooey,dash,iridescence,invite,although,where,2025-08-26
4728,lined,chubby,staid,vice,nor,confirm,2024-03-22
4729,crest,terrorise,knavishly,in,violently,pressure,2025-03-03
4730,recompense,till,yum,than,hoot,clean,2024-04-06
4731,yum,while,how,bobble,ha,unique,2026-02-22
4732,sleet,ordinary,whoever,how,from,scared,2025-11-12
4733,inside,per,because,meh,sans,consequently,2025-07-28
4734,only,ah,incline,psst,nervous,oddball,2026-01-04
4735,hidden,hungrily,trash,yuppify,pfft,wherever,2025-04-02
4736,forgather,hollow,wolf,shore,slushy,hmph,2024-06-18
4737,for,unusual,despite,midst,unexpectedly,armchair,2025-03-29
4738,consequently,tight,safely,highly,forenenst,unfurl,2024-12-25
4739,psst,wisely,ethical,because,ha,quirkily,2024-03-09
4740,gee,vice,gadzooks,wobbly,mundane,consequently,2024-04-17
4741,aside,within,inexperienced,nautical,consequently,even,2024-07-10
4742,over,daughter,majestic,unlike,gadzooks,righteously,2025-11-15
4743,what,outside,ouch,aside,up,brr,2025-01-08
4744,chunter,service,fast,flint,sympathetically,disclosure,2024-04-17
4745,apt,deficient,concentration,function,afore,poorly,2025-01-07
4746,breastplate,overconfidently,zowie,scout,ouch,lively,2025-01-07
4747,making,worst,scamper,crystallize,cease,although,2025-03-22
4748,dress,but,what,gerbil,how,meh,2024-12-13
4749,whose,miserably,plus,phew,pace,where,2025-04-10
4750,where,bug,unnecessarily,overconfidently,writ,until,2024-03-13
4751,before,hm,cross,where,refute,capitalise,2024-03-19
4752,wrong,yuck,windy,stingy,via,geez,2025-11-20
4753,heavily,moment,under,tired,lightly,reassuringly,2024-07-07
4754,pillbox,needily,considering,sediment,unearth,airline,2024-07-19
4755,amendment,furthermore,resolve,before,entwine,given,2024-11-05
4756,ugh,rawhide,brr,optimistic,repentant,unlike,2025-03-01
4757,gosh,adviser,weep,horse,utterly,even,2025-03-19
4758,weary,trusting,marimba,across,naturally,busily,2024-12-03
4759,ha,sans,wee,habit,cassava,er,2025-06-24
4760,upsell,and,selfish,while,stack,plastic,2025-12-25
4761,though,dimly,gadzooks,barring,quarrelsomely,strictly,2025-08-08
4762,hmph,on,unripe,facilitate,while,aftermath,2025-05-14
4763,beautifully,upon,eek,sans,facilitate,phew,2024-09-14
4764,phew,popularity,oh,rout,anti,mortar,2025-08-23
4765,awkwardly,jealously,forenenst,curiously,impanel,however,2024-05-04
4766,mmm,kowtow,anti,tightly,reel,presume,2025-02-28
4767,unpleasant,from,coal,recommendation,restaurant,till,2024-02-24
4768,outside,ha,bin,commandeer,rudely,offensively,2024-10-24
4769,youthfully,subtract,till,confide,grandson,baseboard,2024-04-23
4770,charm,brook,reward,publicize,quietly,frugal,2025-02-06
4771,aha,beloved,intently,toaster,yieldingly,boo,2026-01-06
4772,perfumed,blissfully,under,fiercely,aha,nab,2025-05-31
4773,besides,polite,yowza,phew,cheerfully,yuck,2025-03-11
4774,pretend,jut,extricate,furlough,chase,scuttle,2024-11-27
4775,chapel,for,evenly,bolster,silky,king,2025-07-03
4776,impossible,crest,decisive,issue,unlike,off,2025-12-01
4777,towards,dreary,minus,aboard,approximate,reconsideration,2024-05-19
4778,folklore,foolishly,the,unless,premier,eek,2025-11-28
4779,supposing,ouch,about,geez,as,provided,2024-03-12
4780,restfully,lively,carefully,knight,clear,dependable,2024-09-29
4781,phew,unlike,gadzooks,everlasting,because,loudly,2026-02-08
4782,mmm,wherever,hopeful,lest,sensitize,yippee,2025-08-03
4783,microblog,bravely,huzzah,thigh,purple,sans,2025-06-25
4784,pish,upright,realistic,loosely,meal,boohoo,2024-09-07
4785,evince,though,next,whose,phew,phew,2024-07-30
4786,maul,meander,for,phew,gaseous,yahoo,2024-05-10
4787,round,spirited,story,cheese,that,fedora,2025-08-10
4788,relieve,colorfully,vainly,next,so,duh,2025-05-11
4789,boo,punctuation,unfit,but,flawed,emulsify,2025-05-23
4790,whenever,abandoned,willfully,indeed,knit,garrote,2026-02-01
4791,whoa,like,nor,an,across,adumbrate,2024-10-11
4792,vice,pish,impeccable,versus,almost,phew,2024-09-15
4793,besides,quaver,enthusiastically,noisily,gah,gosh,2024-05-30
4794,gallivant,oh,considering,before,brush,finally,2024-05-11
4795,too,wherever,vol,smoothly,impanel,mystify,2025-11-20
4796,trolley,runny,pfft,frequent,yahoo,below,2024-03-09
4797,marathon,knitting,despite,ice-cream,joyous,mad,2025-03-11
4798,not,upon,up,fatherly,wildly,circa,2025-09-03
4799,whoever,frizz,qua,huzzah,close,reckon,2024-05-08
4800,unconscious,gosh,synthesise,petal,custody,lock,2025-11-01
4801,pish,slake,scram,likewise,average,bleakly,2025-04-23
4802,pish,whether,indeed,grumpy,out,flight,2024-03-06
4803,unlike,whether,rag,wicked,within,till,2024-11-11
4804,patiently,vacantly,trick,unwritten,anenst,mozzarella,2025-07-18
4805,although,our,wolf,beyond,vice,gosh,2025-01-25
4806,stock,bug,gah,because,as,fencing,2026-01-08
4807,as,tight,unknown,sore,scheme,ack,2024-11-29
4808,carefully,strict,for,haircut,spectate,sociable,2025-07-26
4809,gummy,edible,after,trash,community,mobilize,2024-06-07
4810,dispense,but,the,wildly,forenenst,fat,2025-03-05
4811,stable,than,bah,tightly,woot,scent,2024-10-21
4812,daily,amidst,when,instead,sesame,till,2026-02-11
4813,zealous,opposite,at,defiantly,recede,whoa,2024-11-21
4814,archaeology,unaccountably,intrigue,whenever,including,um,2025-07-17
4815,pleasing,cosset,inasmuch,abaft,why,when,2025-11-28
4816,inculcate,aha,inhibit,instantly,tooth,before,2026-01-28
4817,questioningly,frenetically,rarely,dual,ack,vastly,2024-05-14
4818,cinema,dapper,staid,catalog,doubtfully,zowie,2024-10-01
4819,under,till,yippee,upbeat,above,cheerful,2024-11-29
4820,astride,object,consequently,status,bah,venom,2025-07-07
4821,or,eternity,sans,per,how,deduct,2024-05-12
4822,relative,quicker,seemingly,meh,mutate,unbalance,2024-12-22
4823,record,bump,phooey,till,into,strait,2025-10-19
4824,tectonics,gerbil,stable,absolve,burdensome,expostulate,2025-08-10
4825,finally,yippee,advocate,mismatch,indeed,under,2024-12-06
4826,runway,cheerfully,wherever,polished,via,urgently,2024-07-19
4827,schlep,indeed,quicker,tiny,circa,but,2025-04-10
4828,down,furthermore,athwart,on,as,sleepy,2024-09-13
4829,whopping,limping,because,apropos,physically,crooked,2026-02-23
4830,psst,however,ouch,hunt,effector,cassava,2024-09-04
4831,psst,inexperienced,deeply,siege,atop,table,2025-02-17
4832,sway,bah,zowie,syringe,profane,anti,2025-07-04
4833,optimal,mummify,jubilantly,nearly,tremendously,stigmatize,2026-02-09
4834,woot,next,shakily,after,turret,somber,2024-09-03
4835,into,wisely,density,sun,sans,bin,2025-12-23
4836,focused,marten,vet,pace,suddenly,brr,2025-05-11
4837,finally,gadzooks,boohoo,meatloaf,knowingly,inasmuch,2024-09-30
4838,right,key,jittery,supposing,produce,usually,2024-09-26
4839,pessimistic,instead,tempting,aha,likewise,mmm,2025-10-28
4840,snappy,although,function,eek,pillory,however,2024-07-16
4841,or,newsletter,tighten,rigidly,atop,unhappy,2024-02-27
4842,ack,healthily,event,of,from,for,2024-06-29
4843,fen,focalise,amused,or,daughter,phew,2025-03-11
4844,ack,aha,for,our,promptly,squirm,2025-01-15
4845,with,giant,ouch,jubilant,afford,wherever,2024-02-26
4846,consequently,interestingly,worth,pish,gee,briskly,2024-09-23
4847,although,bathhouse,till,before,around,function,2024-03-05
4848,amidst,thin,when,vulgarise,minion,fooey,2025-04-09
4849,beneath,swift,next,lieu,consequently,detain,2024-07-18
4850,overtrain,irritably,above,amnesty,ah,versus,2024-04-20
4851,to,boo,speedily,corral,enormously,unto,2025-10-27
4852,daintily,indeed,busily,knottily,quietly,terribly,2024-12-17
4853,crackle,those,ah,bungalow,pace,chase,2024-03-13
4854,er,ultimately,phooey,whoa,a,hmph,2024-06-11
4855,gah,whoever,regal,naughty,ick,whenever,2025-03-24
4856,besides,lively,approach,overcoat,like,psst,2026-01-30
4857,correctly,rise,alongside,stint,zowie,aha,2025-02-18
4858,utilization,anenst,nicely,despite,provision,lest,2025-02-08
4859,oh,black,more,whoever,possession,subtle,2025-03-26
4860,that,thread,toward,kiddingly,productive,anti,2024-05-04
4861,connect,to,joyously,bin,brr,violin,2025-01-03
4862,mmm,yum,tousle,aching,psst,electrify,2025-10-03
4863,arrogantly,extra-large,both,deeply,youthfully,gadzooks,2025-11-07
4864,starch,gadzooks,replicate,modulo,besides,yuck,2025-10-01
4865,sophisticated,vainly,lyre,confiscate,joyfully,geez,2024-08-08
4866,baggy,ironclad,happily,modulo,safe,yowza,2024-07-15
4867,collectivization,ouch,unknown,huzzah,agitated,boo,2024-04-07
4868,finer,sting,alienated,bare,beside,grave,2025-07-03
4869,for,judicious,cannibalise,tank,but,honestly,2025-03-02
4870,swiftly,whoever,drat,airbus,favorite,delicious,2025-09-11
4871,likewise,where,relaunch,scrap,where,illusion,2024-05-30
4872,overconfidently,ad,rust,besides,alongside,concerning,2025-08-06
4873,reference,unto,witty,rudely,faint,once,2025-03-12
4874,through,pulp,front,quietly,cutlet,following,2026-02-11
4875,how,optimistically,ack,after,nephew,mysteriously,2025-09-27
4876,ha,finally,zowie,positively,accurate,dapper,2026-01-22
4877,dreamily,queasily,aw,saturate,mmm,boo,2025-10-17
4878,ew,from,when,winding,handsome,clonk,2025-10-10
4879,gratefully,vice,supposing,continually,innovation,loyally,2024-10-15
4880,onto,reckon,order,wherever,where,vacantly,2024-04-13
4881,stealthily,flint,supplier,surprisingly,overconfidently,at,2024-09-18
4882,since,vaguely,truly,gift,powerfully,satirize,2024-08-16
4883,gadzooks,beneath,brisk,ack,along,because,2024-04-29
4884,density,efface,reassuringly,for,gullible,whoa,2024-04-21
4885,likewise,smart,vicinity,besides,fedora,fuel,2024-04-12
4886,below,lifestyle,but,scale,whisper,forceful,2025-05-10
4887,inasmuch,unlike,spork,for,toe,amid,2025-06-16
4888,ajar,which,trained,how,ornate,pigpen,2025-07-05
4889,deploy,pro,creaking,stealthily,magnificent,imagineer,2024-09-15
4890,weekly,trouser,what,aha,prance,after,2025-12-28
4891,or,alongside,weighty,hungrily,till,lest,2026-02-04
4892,times,grounded,when,underneath,worse,role,2024-07-31
4893,preheat,ragged,defensive,simplistic,mmm,apropos,2025-06-04
4894,heartfelt,supposing,plus,defensive,gosh,ew,2024-03-23
4895,violently,off,whose,fondly,nor,reach,2025-05-29
4896,pfft,controvert,amid,pulse,terrible,shyly,2024-09-13
4897,sauerkraut,questionably,wherever,anti,gah,sternly,2024-11-20
4898,favorite,microblog,at,uniform,so,times,2025-09-01
4899,along,snappy,jeopardise,afore,urgently,weird,2025-01-28
4900,brr,howl,well,poor,who,drat,2024-10-04
4901,whoa,after,geez,red,when,phooey,2024-03-03
4902,those,digital,that,from,of,mortally,2025-08-08
4903,before,deploy,bludgeon,instead,by,huzzah,2024-08-02
4904,oily,across,geez,forceful,woot,amend,2025-01-01
4905,geez,snow,harmful,acquire,what,lest,2025-11-06
4906,cleverly,sediment,hippodrome,carefully,verbally,floss,2025-04-02
4907,zowie,debit,popularize,yarmulke,flu,unless,2024-05-17
4908,mobility,drowse,foolhardy,bowed,taro,godfather,2025-01-21
4909,through,narrate,beyond,because,useless,um,2025-11-01
4910,confused,bob,yum,except,baritone,wriggler,2024-07-30
4911,brr,elegant,short-term,whoa,heartfelt,geez,2024-05-26
4912,impish,among,whine,how,passionate,around,2024-04-16
4913,chasuble,restaurant,once,beneath,onto,butter,2024-11-02
4914,qua,rundown,besides,underneath,sham,athwart,2024-09-21
4915,evince,daughter,inquisitively,whoever,boohoo,though,2024-06-03
4916,gadzooks,vice,huddle,headline,badly,incline,2024-12-15
4917,ick,inasmuch,overfeed,while,unimportant,instead,2025-09-23
4918,pearl,dissemble,to,er,quietly,incidentally,2025-09-14
4919,coexist,shiny,after,off,the,fussy,2024-07-28
4920,forsaken,ew,question,yahoo,massage,rebuild,2024-02-29
4921,deduce,defenseless,elementary,wherever,save,thongs,2025-03-01
4922,bench,conservative,strictly,indeed,wound,lest,2024-08-11
4923,conversation,newsstand,amidst,if,hmph,yowza,2026-01-26
4924,showboat,pace,tense,beside,formal,silt,2024-07-22
4925,gym,hopelessly,fictionalize,clinch,halt,record,2025-10-04
4926,pave,whenever,lest,tensely,yowza,generally,2025-09-11
4927,dredger,what,toothpick,sham,taut,lumpy,2024-12-03
4928,per,duh,beyond,scarily,adventurously,aw,2025-05-28
4929,neatly,investigate,completion,sundae,clear-cut,despite,2024-08-17
4930,grounded,damp,more,happy,enhance,above,2025-09-03
4931,complicated,galoshes,before,supposing,um,yuck,2025-06-04
4932,coil,but,straw,narrate,corny,replacement,2025-04-15
4933,galoshes,fooey,narrowcast,pant,down,remorseful,2024-06-05
4934,solution,toothpick,variable,provided,ack,give,2024-07-17
4935,decryption,spear,as,whether,upliftingly,now,2026-01-29
4936,ew,consequently,oh,spiffy,elastic,pocket-watch,2025-12-17
4937,crumble,outside,after,bleach,word,absent,2026-02-21
4938,outlaw,however,by,inspect,innocently,dual,2024-05-06
4939,entire,even,if,incidentally,so,past,2024-03-20
4940,where,soulful,for,when,upon,low,2025-05-04
4941,subsidy,hateful,antelope,nerve,ick,suitcase,2026-01-22
4942,yuck,hence,drat,eke,oof,inconsequential,2024-07-22
4943,monthly,mostly,athwart,meanwhile,although,superior,2024-05-04
4944,juggernaut,aboard,bell,whereas,patroller,minister,2025-04-06
4945,sternly,house,owlishly,venom,innovate,sparse,2024-10-23
4946,which,convection,after,finally,before,flickering,2024-09-09
4947,which,cruelly,untried,overheard,spirited,bleakly,2024-05-22
4948,wherever,stranger,underneath,whopping,geez,who,2025-04-03
4949,on,merry,once,gratefully,needily,gadzooks,2024-12-19
4950,among,wing,unlike,fake,adventurously,including,2026-01-29
4951,pension,whoever,yum,furthermore,now,righteously,2024-12-25
4952,accompany,why,edible,alienated,down,gosh,2025-02-17
4953,lest,bah,customise,rag,fedora,phew,2024-11-11
4954,amused,redress,farm,fencing,which,whose,2024-06-01
4955,apologise,oddly,circa,geez,account,pear,2025-02-27
4956,justly,ham,with,gosh,generally,kookily,2024-07-27
4957,hepatitis,joyfully,where,absent,magnetize,sprinkles,2025-02-13
4958,phooey,ferociously,lazily,excepting,stormy,dim,2024-05-05
4959,solace,descriptive,times,supportive,cheerfully,grok,2025-04-11
4960,unnaturally,begonia,furthermore,anti,neglect,pave,2025-08-27
4961,excepting,concentration,enchanted,crossly,defiantly,evince,2025-09-29
4962,emphasize,nor,unnecessarily,blah,volunteer,yet,2024-09-16
4963,whack,gratefully,even,wonderfully,arraign,athwart,2026-01-15
4964,cutlet,completion,nearly,testing,lady,frizzy,2024-06-24
4965,daily,recklessly,ick,foolishly,starboard,custody,2024-12-08
4966,who,rebuild,juggernaut,minor,unique,squid,2025-04-28
4967,comb,flustered,alienated,deserted,carefree,sanity,2024-12-17
4968,because,huzzah,against,forenenst,yet,enlist,2024-08-12
4969,whether,fowl,unfortunately,whenever,majestically,vivid,2026-02-08
4970,among,clear-cut,aside,notwithstanding,readily,but,2025-04-25
4971,round,oddball,cannibalise,wafer,microblog,between,2025-03-23
4972,or,forecast,tomography,right,provided,embed,2025-07-17
4973,uselessly,spook,disgorge,so,unless,quietly,2025-08-11
4974,underpants,outdo,democratize,fat,aha,graffiti,2025-04-16
4975,ugh,above,silently,what,obesity,gosh,2024-02-27
4976,yuck,near,summary,yippee,along,burly,2024-06-28
4977,pish,honestly,gracefully,beyond,after,helplessly,2024-07-21
4978,yogurt,straw,present,negligible,separate,broadly,2025-12-23
4979,worriedly,urgently,duh,uncommon,once,curry,2025-12-21
4980,steeple,left,faithfully,while,whether,jot,2025-03-08
4981,than,marvelous,geez,sadly,huzzah,narrow,2024-10-31
4982,afore,jot,militate,neatly,silver,meanwhile,2026-01-31
4983,defenseless,hmph,including,since,asset,blah,2024-08-16
4984,thoroughly,alongside,per,primary,daddy,saturate,2025-08-09
4985,satisfy,impractical,upside-down,unfinished,emphasize,meanwhile,2024-11-16
4986,deduce,svelte,unimpressively,energetic,godfather,yawningly,2024-09-15
4987,bah,um,angrily,phew,defendant,damp,2025-07-14
4988,ordinary,promptly,astride,before,viability,gah,2025-04-14
4989,once,phew,highlight,card,restfully,phooey,2025-10-19
4990,masquerade,materialise,incidentally,behind,ha,coincide,2025-04-21
4991,astride,modulo,indeed,enchanted,fly,clearly,2025-07-24
4992,why,upbeat,harangue,ha,shrilly,smoke,2025-02-16
4993,until,carefree,midst,outside,comfortable,unhealthy,2024-06-05
4994,grizzled,shrilly,how,treasure,rotten,husk,2024-09-30
4995,ew,until,alienated,whereas,shy,caption,2025-11-28
4996,inside,fully,reorient,ugh,past,probable,2024-04-06
4997,gee,who,athwart,zowie,gah,pity,2025-10-07
4998,emphasise,before,completion,or,thorny,besides,2026-01-25
4999,puppet,sheathe,tough,sugary,whoa,afore,2025-06-14
5000,mask,boo,superficial,what,numb,overvalue,2024-08-05
